FileName,Class
1.jpg,0
2.jpg,0
3.jpg,0
4.jpg,0
5.jpg,0
6.jpg,0
7.jpg,0
8.jpg,0
9.jpg,1
10.jpg,1
11.jpg,1
12.jpg,1
13.jpg,0
14.jpg,0
15.jpg,0
16.jpg,1
17.jpg,1
18.jpg,0
19.jpg,0
20.jpg,1
21.jpg,1
22.jpg,1
23.jpg,1
24.jpg,0
25.jpg,0
26.jpg,1
27.jpg,1
28.jpg,1
29.jpg,1
30.jpg,1
31.jpg,1
32.jpg,1
33.jpg,1
34.jpg,1
35.jpg,1
36.jpg,1
37.jpg,1
38.jpg,1
39.jpg,1
40.jpg,1
41.jpg,0
42.jpg,1
43.jpg,1
44.jpg,1
45.jpg,0
46.jpg,0
47.jpg,0
48.jpg,1
49.jpg,1
50.jpg,1
51.jpg,0
52.jpg,0
53.jpg,1
54.jpg,1
55.jpg,0
56.jpg,1
57.jpg,1
58.jpg,1
59.jpg,1
60.jpg,0
61.jpg,0
62.jpg,0
63.jpg,0
64.jpg,1
65.jpg,1
66.jpg,0
67.jpg,5
68.jpg,5
69.jpg,5
70.jpg,5
71.jpg,5
72.jpg,1
73.jpg,1
74.jpg,1
75.jpg,1
76.jpg,1
77.jpg,1
78.jpg,0
79.jpg,0
80.jpg,0
81.jpg,1
82.jpg,1
83.jpg,0
84.jpg,0
85.jpg,0
86.jpg,1
87.jpg,1
88.jpg,1
89.jpg,1
90.jpg,1
91.jpg,0
92.jpg,0
93.jpg,1
94.jpg,1
95.jpg,1
96.jpg,0
97.jpg,1
98.jpg,1
99.jpg,1
100.jpg,1
101.jpg,1
102.jpg,1
103.jpg,0
104.jpg,0
105.jpg,1
106.jpg,1
107.jpg,1
108.jpg,1
109.jpg,1
110.jpg,1
111.jpg,1
112.jpg,1
113.jpg,0
114.jpg,0
115.jpg,1
116.jpg,1
117.jpg,1
118.jpg,1
119.jpg,1
120.jpg,0
121.jpg,1
122.jpg,1
123.jpg,1
124.jpg,1
125.jpg,1
126.jpg,1
127.jpg,0
128.jpg,0
129.jpg,0
130.jpg,1
131.jpg,1
132.jpg,1
133.jpg,1
134.jpg,1
135.jpg,1
136.jpg,1
137.jpg,1
138.jpg,1
139.jpg,0
140.jpg,0
141.jpg,1
142.jpg,1
143.jpg,1
144.jpg,0
145.jpg,0
146.jpg,1
147.jpg,1
148.jpg,1
149.jpg,1
150.jpg,0
151.jpg,1
152.jpg,1
153.jpg,0
154.jpg,0
155.jpg,0
156.jpg,0
157.jpg,0
158.jpg,0
159.jpg,0
160.jpg,1
161.jpg,1
162.jpg,1
163.jpg,1
164.jpg,0
165.jpg,1
166.jpg,1
167.jpg,0
168.jpg,0
169.jpg,0
170.jpg,0
171.jpg,0
172.jpg,0
173.jpg,0
174.jpg,0
175.jpg,0
176.jpg,0
177.jpg,0
178.jpg,0
179.jpg,0
180.jpg,0
181.jpg,0
182.jpg,0
183.jpg,0
184.jpg,0
185.jpg,0
186.jpg,0
187.jpg,0
188.jpg,0
189.jpg,0
190.jpg,0
191.jpg,0
192.jpg,0
193.jpg,0
194.jpg,1
195.jpg,1
196.jpg,0
197.jpg,0
198.jpg,0
199.jpg,0
200.jpg,1
201.jpg,1
202.jpg,1
203.jpg,0
204.jpg,1
205.jpg,1
206.jpg,1
207.jpg,1
208.jpg,0
209.jpg,0
210.jpg,0
211.jpg,0
212.jpg,1
213.jpg,1
214.jpg,1
215.jpg,1
216.jpg,1
217.jpg,0
218.jpg,1
219.jpg,1
220.jpg,1
221.jpg,1
222.jpg,0
223.jpg,0
224.jpg,1
225.jpg,1
226.jpg,1
227.jpg,1
228.jpg,0
229.jpg,1
230.jpg,1
231.jpg,1
232.jpg,1
233.jpg,0
234.jpg,0
235.jpg,0
236.jpg,0
237.jpg,0
238.jpg,0
239.jpg,0
240.jpg,1
241.jpg,1
242.jpg,1
243.jpg,0
244.jpg,0
245.jpg,0
246.jpg,0
247.jpg,0
248.jpg,0
249.jpg,0
250.jpg,0
251.jpg,0
252.jpg,1
253.jpg,1
254.jpg,1
255.jpg,1
256.jpg,0
257.jpg,1
258.jpg,1
259.jpg,0
260.jpg,0
261.jpg,0
262.jpg,0
263.jpg,0
264.jpg,1
265.jpg,1
266.jpg,1
267.jpg,1
268.jpg,1
269.jpg,1
270.jpg,1
271.jpg,0
272.jpg,0
273.jpg,0
274.jpg,0
275.jpg,1
276.jpg,1
277.jpg,1
278.jpg,1
279.jpg,1
280.jpg,0
281.jpg,0
282.jpg,0
283.jpg,0
284.jpg,0
285.jpg,0
286.jpg,0
287.jpg,0
288.jpg,0
289.jpg,0
290.jpg,0
291.jpg,0
292.jpg,0
293.jpg,0
294.jpg,0
295.jpg,0
296.jpg,1
297.jpg,1
298.jpg,0
299.jpg,0
300.jpg,0
301.jpg,1
302.jpg,1
303.jpg,1
304.jpg,1
305.jpg,0
306.jpg,0
307.jpg,1
308.jpg,1
309.jpg,1
310.jpg,0
311.jpg,0
312.jpg,1
313.jpg,1
314.jpg,0
315.jpg,0
316.jpg,0
317.jpg,0
318.jpg,1
319.jpg,1
320.jpg,1
321.jpg,0
322.jpg,0
323.jpg,0
324.jpg,0
325.jpg,0
326.jpg,1
327.jpg,1
328.jpg,1
329.jpg,1
330.jpg,0
331.jpg,0
332.jpg,0
333.jpg,0
334.jpg,0
335.jpg,0
336.jpg,0
337.jpg,0
338.jpg,0
339.jpg,0
340.jpg,0
341.jpg,0
342.jpg,1
343.jpg,1
344.jpg,1
345.jpg,1
346.jpg,0
347.jpg,0
348.jpg,0
349.jpg,0
350.jpg,0
351.jpg,0
352.jpg,0
353.jpg,0
354.jpg,0
355.jpg,0
356.jpg,0
357.jpg,0
358.jpg,0
359.jpg,0
360.jpg,0
361.jpg,0
362.jpg,0
363.jpg,0
364.jpg,0
365.jpg,0
366.jpg,0
367.jpg,1
368.jpg,1
369.jpg,0
370.jpg,0
371.jpg,0
372.jpg,0
373.jpg,0
374.jpg,0
375.jpg,0
376.jpg,0
377.jpg,0
378.jpg,0
379.jpg,0
380.jpg,0
381.jpg,0
382.jpg,0
383.jpg,1
384.jpg,1
385.jpg,1
386.jpg,1
387.jpg,0
388.jpg,0
389.jpg,1
390.jpg,1
391.jpg,1
392.jpg,1
393.jpg,1
394.jpg,0
395.jpg,0
396.jpg,0
397.jpg,0
398.jpg,0
399.jpg,1
400.jpg,1
401.jpg,1
402.jpg,1
403.jpg,1
404.jpg,1
405.jpg,1
406.jpg,1
407.jpg,1
408.jpg,1
409.jpg,1
410.jpg,0
411.jpg,0
412.jpg,0
413.jpg,1
414.jpg,1
415.jpg,0
416.jpg,0
417.jpg,0
418.jpg,0
419.jpg,0
420.jpg,1
421.jpg,1
422.jpg,1
423.jpg,1
424.jpg,0
425.jpg,0
426.jpg,0
427.jpg,0
428.jpg,1
429.jpg,1
430.jpg,1
431.jpg,0
432.jpg,0
433.jpg,0
434.jpg,1
435.jpg,1
436.jpg,1
437.jpg,0
438.jpg,0
439.jpg,0
440.jpg,5
441.jpg,5
442.jpg,5
443.jpg,1
444.jpg,1
445.jpg,0
446.jpg,0
447.jpg,5
448.jpg,5
449.jpg,5
450.jpg,5
451.jpg,0
452.jpg,0
453.jpg,0
454.jpg,0
455.jpg,0
456.jpg,0
457.jpg,0
458.jpg,0
459.jpg,0
460.jpg,0
461.jpg,0
462.jpg,0
463.jpg,0
464.jpg,0
465.jpg,0
466.jpg,0
467.jpg,0
468.jpg,0
469.jpg,0
470.jpg,0
471.jpg,0
472.jpg,0
473.jpg,0
474.jpg,0
475.jpg,0
476.jpg,0
477.jpg,0
478.jpg,0
479.jpg,0
480.jpg,0
481.jpg,0
482.jpg,0
483.jpg,0
484.jpg,0
485.jpg,0
486.jpg,0
487.jpg,0
488.jpg,0
489.jpg,0
490.jpg,0
491.jpg,0
492.jpg,0
493.jpg,0
494.jpg,0
495.jpg,0
496.jpg,0
497.jpg,0
498.jpg,0
499.jpg,0
500.jpg,0
501.jpg,0
502.jpg,0
503.jpg,0
504.jpg,0
505.jpg,3
506.jpg,3
507.jpg,3
508.jpg,3
509.jpg,3
510.jpg,3
511.jpg,0
512.jpg,0
513.jpg,0
514.jpg,3
515.jpg,3
516.jpg,3
517.jpg,3
518.jpg,3
519.jpg,3
520.jpg,3
521.jpg,3
522.jpg,3
523.jpg,0
524.jpg,3
525.jpg,3
526.jpg,3
527.jpg,3
528.jpg,3
529.jpg,3
530.jpg,3
531.jpg,3
532.jpg,3
533.jpg,3
534.jpg,3
535.jpg,3
536.jpg,0
537.jpg,0
538.jpg,3
539.jpg,3
540.jpg,3
541.jpg,3
542.jpg,3
543.jpg,3
544.jpg,3
545.jpg,3
546.jpg,3
547.jpg,3
548.jpg,3
549.jpg,3
550.jpg,3
551.jpg,0
552.jpg,0
553.jpg,0
554.jpg,0
555.jpg,0
556.jpg,0
557.jpg,0
558.jpg,0
559.jpg,0
560.jpg,0
561.jpg,0
562.jpg,0
563.jpg,0
564.jpg,0
565.jpg,0
566.jpg,3
567.jpg,3
568.jpg,3
569.jpg,3
570.jpg,3
571.jpg,3
572.jpg,3
573.jpg,3
574.jpg,0
575.jpg,1
576.jpg,1
577.jpg,0
578.jpg,0
579.jpg,0
580.jpg,0
581.jpg,0
582.jpg,0
583.jpg,0
584.jpg,6
585.jpg,6
586.jpg,6
587.jpg,6
588.jpg,6
589.jpg,6
590.jpg,6
591.jpg,6
592.jpg,6
593.jpg,6
594.jpg,6
595.jpg,6
596.jpg,6
597.jpg,6
598.jpg,6
599.jpg,6
600.jpg,6
601.jpg,6
602.jpg,6
603.jpg,6
604.jpg,6
605.jpg,6
606.jpg,6
607.jpg,6
608.jpg,6
609.jpg,6
610.jpg,6
611.jpg,6
612.jpg,6
613.jpg,6
614.jpg,6
615.jpg,6
616.jpg,6
617.jpg,6
618.jpg,6
619.jpg,6
620.jpg,6
621.jpg,6
622.jpg,6
623.jpg,6
624.jpg,6
625.jpg,6
626.jpg,6
627.jpg,6
628.jpg,6
629.jpg,6
630.jpg,6
631.jpg,6
632.jpg,6
633.jpg,6
634.jpg,6
635.jpg,6
636.jpg,6
637.jpg,6
638.jpg,6
639.jpg,6
640.jpg,6
641.jpg,6
642.jpg,6
643.jpg,6
644.jpg,6
645.jpg,6
646.jpg,6
647.jpg,6
648.jpg,6
649.jpg,6
650.jpg,6
651.jpg,6
652.jpg,6
653.jpg,6
654.jpg,6
655.jpg,6
656.jpg,6
657.jpg,6
658.jpg,6
659.jpg,6
660.jpg,6
661.jpg,6
662.jpg,6
663.jpg,6
664.jpg,6
665.jpg,6
666.jpg,6
667.jpg,6
668.jpg,6
669.jpg,6
670.jpg,6
671.jpg,6
672.jpg,6
673.jpg,6
674.jpg,6
675.jpg,6
676.jpg,6
677.jpg,6
678.jpg,6
679.jpg,6
680.jpg,6
681.jpg,6
682.jpg,6
683.jpg,6
684.jpg,6
685.jpg,6
686.jpg,6
687.jpg,6
688.jpg,6
689.jpg,6
690.jpg,6
691.jpg,6
692.jpg,6
693.jpg,6
694.jpg,6
695.jpg,6
696.jpg,6
697.jpg,6
698.jpg,6
699.jpg,6
700.jpg,6
701.jpg,6
702.jpg,6
703.jpg,6
704.jpg,6
705.jpg,6
706.jpg,6
707.jpg,6
708.jpg,6
709.jpg,6
710.jpg,6
711.jpg,6
712.jpg,6
713.jpg,6
714.jpg,6
715.jpg,6
716.jpg,6
717.jpg,6
718.jpg,6
719.jpg,6
720.jpg,6
721.jpg,6
722.jpg,6
723.jpg,6
724.jpg,6
725.jpg,6
726.jpg,6
727.jpg,6
728.jpg,6
729.jpg,6
730.jpg,6
731.jpg,6
732.jpg,6
733.jpg,6
734.jpg,6
735.jpg,6
736.jpg,6
737.jpg,6
738.jpg,6
739.jpg,6
740.jpg,6
741.jpg,6
742.jpg,6
743.jpg,6
744.jpg,6
745.jpg,6
746.jpg,6
747.jpg,6
748.jpg,6
749.jpg,6
750.jpg,6
751.jpg,6
752.jpg,6
753.jpg,6
754.jpg,6
755.jpg,6
756.jpg,6
757.jpg,6
758.jpg,6
759.jpg,6
760.jpg,6
761.jpg,6
762.jpg,6
763.jpg,6
764.jpg,6
765.jpg,6
766.jpg,6
767.jpg,6
768.jpg,6
769.jpg,6
770.jpg,6
771.jpg,6
772.jpg,6
773.jpg,6
774.jpg,6
775.jpg,6
776.jpg,6
777.jpg,6
778.jpg,6
779.jpg,6
780.jpg,6
781.jpg,6
782.jpg,6
783.jpg,6
784.jpg,6
785.jpg,6
786.jpg,6
787.jpg,6
788.jpg,6
789.jpg,6
790.jpg,6
791.jpg,6
792.jpg,6
793.jpg,6
794.jpg,6
795.jpg,6
796.jpg,6
797.jpg,6
798.jpg,6
799.jpg,6
800.jpg,6
801.jpg,6
802.jpg,6
803.jpg,6
804.jpg,6
805.jpg,6
806.jpg,6
807.jpg,6
808.jpg,6
809.jpg,6
810.jpg,6
811.jpg,6
812.jpg,6
813.jpg,6
814.jpg,6
815.jpg,6
816.jpg,6
817.jpg,6
818.jpg,6
819.jpg,6
820.jpg,6
821.jpg,6
822.jpg,6
823.jpg,6
824.jpg,6
825.jpg,6
826.jpg,6
827.jpg,6
828.jpg,6
829.jpg,6
830.jpg,6
831.jpg,6
832.jpg,6
833.jpg,6
834.jpg,6
835.jpg,6
836.jpg,6
837.jpg,6
838.jpg,6
839.jpg,6
840.jpg,6
841.jpg,6
842.jpg,6
843.jpg,6
844.jpg,6
845.jpg,6
846.jpg,6
847.jpg,6
848.jpg,6
849.jpg,6
850.jpg,0
851.jpg,0
852.jpg,0
853.jpg,0
854.jpg,0
855.jpg,0
856.jpg,0
857.jpg,0
858.jpg,0
859.jpg,0
860.jpg,0
861.jpg,0
862.jpg,0
863.jpg,0
864.jpg,0
865.jpg,0
866.jpg,0
867.jpg,0
868.jpg,0
869.jpg,0
870.jpg,0
871.jpg,0
872.jpg,0
873.jpg,0
874.jpg,0
875.jpg,0
876.jpg,0
877.jpg,5
878.jpg,5
879.jpg,0
880.jpg,0
881.jpg,0
882.jpg,0
883.jpg,0
884.jpg,0
885.jpg,0
886.jpg,0
887.jpg,0
888.jpg,0
889.jpg,0
890.jpg,0
891.jpg,0
892.jpg,3
893.jpg,3
894.jpg,3
895.jpg,3
896.jpg,3
897.jpg,3
898.jpg,3
899.jpg,3
900.jpg,3
901.jpg,3
902.jpg,3
903.jpg,3
904.jpg,3
905.jpg,3
906.jpg,3
907.jpg,3
908.jpg,0
909.jpg,0
910.jpg,0
911.jpg,0
912.jpg,0
913.jpg,3
914.jpg,3
915.jpg,3
916.jpg,3
917.jpg,3
918.jpg,3
919.jpg,3
920.jpg,3
921.jpg,3
922.jpg,3
923.jpg,0
924.jpg,0
925.jpg,3
926.jpg,3
927.jpg,3
928.jpg,3
929.jpg,3
930.jpg,3
931.jpg,3
932.jpg,3
933.jpg,3
934.jpg,3
935.jpg,3
936.jpg,3
937.jpg,3
938.jpg,3
939.jpg,3
940.jpg,3
941.jpg,3
942.jpg,3
943.jpg,3
944.jpg,3
945.jpg,3
946.jpg,3
947.jpg,3
948.jpg,3
949.jpg,3
950.jpg,3
951.jpg,0
952.jpg,3
953.jpg,3
954.jpg,3
955.jpg,3
956.jpg,3
957.jpg,3
958.jpg,3
959.jpg,3
960.jpg,3
961.jpg,0
962.jpg,0
963.jpg,3
964.jpg,3
965.jpg,3
966.jpg,3
967.jpg,3
968.jpg,3
969.jpg,0
970.jpg,0
971.jpg,0
972.jpg,0
973.jpg,0
974.jpg,0
975.jpg,0
976.jpg,0
977.jpg,0
978.jpg,0
979.jpg,0
980.jpg,0
981.jpg,0
982.jpg,0
983.jpg,0
984.jpg,0
985.jpg,0
986.jpg,0
987.jpg,0
988.jpg,0
989.jpg,0
990.jpg,0
991.jpg,0
992.jpg,0
993.jpg,0
994.jpg,0
995.jpg,0
996.jpg,0
997.jpg,0
998.jpg,0
999.jpg,1
1000.jpg,1
1001.jpg,1
1002.jpg,1
1003.jpg,1
1004.jpg,1
1005.jpg,1
1006.jpg,1
1007.jpg,1
1008.jpg,1
1009.jpg,1
1010.jpg,1
1011.jpg,1
1012.jpg,1
1013.jpg,1
1014.jpg,0
1015.jpg,0
1016.jpg,0
1017.jpg,0
1018.jpg,0
1019.jpg,0
1020.jpg,0
1021.jpg,0
1022.jpg,0
1023.jpg,0
1024.jpg,0
1025.jpg,0
1026.jpg,1
1027.jpg,1
1028.jpg,1
1029.jpg,1
1030.jpg,1
1031.jpg,1
1032.jpg,0
1033.jpg,0
1034.jpg,0
1035.jpg,0
1036.jpg,0
1037.jpg,0
1038.jpg,0
1039.jpg,0
1040.jpg,0
1041.jpg,0
1042.jpg,0
1043.jpg,0
1044.jpg,0
1045.jpg,0
1046.jpg,0
1047.jpg,0
1048.jpg,0
1049.jpg,0
1050.jpg,0
1051.jpg,0
1052.jpg,0
1053.jpg,0
1054.jpg,0
1055.jpg,0
1056.jpg,0
1057.jpg,0
1058.jpg,0
1059.jpg,0
1060.jpg,0
1061.jpg,6
1062.jpg,6
1063.jpg,6
1064.jpg,6
1065.jpg,0
1066.jpg,0
1067.jpg,0
1068.jpg,6
1069.jpg,6
1070.jpg,0
1071.jpg,0
1072.jpg,2
1073.jpg,2
1074.jpg,2
1075.jpg,0
1076.jpg,0
1077.jpg,2
1078.jpg,2
1079.jpg,2
1080.jpg,2
1081.jpg,2
1082.jpg,2
1083.jpg,2
1084.jpg,0
1085.jpg,0
1086.jpg,2
1087.jpg,2
1088.jpg,2
1089.jpg,2
1090.jpg,0
1091.jpg,2
1092.jpg,2
1093.jpg,2
1094.jpg,2
1095.jpg,2
1096.jpg,2
1097.jpg,2
1098.jpg,2
1099.jpg,0
1100.jpg,0
1101.jpg,0
1102.jpg,0
1103.jpg,0
1104.jpg,2
1105.jpg,2
1106.jpg,2
1107.jpg,2
1108.jpg,2
1109.jpg,2
1110.jpg,2
1111.jpg,2
1112.jpg,2
1113.jpg,2
1114.jpg,2
1115.jpg,0
1116.jpg,0
1117.jpg,0
1118.jpg,0
1119.jpg,0
1120.jpg,0
1121.jpg,0
1122.jpg,0
1123.jpg,0
1124.jpg,0
1125.jpg,0
1126.jpg,0
1127.jpg,0
1128.jpg,0
1129.jpg,0
1130.jpg,0
1131.jpg,0
1132.jpg,0
1133.jpg,0
1134.jpg,0
1135.jpg,0
1136.jpg,0
1137.jpg,0
1138.jpg,0
1139.jpg,1
1140.jpg,1
1141.jpg,1
1142.jpg,1
1143.jpg,0
1144.jpg,3
1145.jpg,3
1146.jpg,3
1147.jpg,3
1148.jpg,3
1149.jpg,0
1150.jpg,0
1151.jpg,0
1152.jpg,0
1153.jpg,3
1154.jpg,3
1155.jpg,3
1156.jpg,3
1157.jpg,3
1158.jpg,0
1159.jpg,0
1160.jpg,0
1161.jpg,0
1162.jpg,1
1163.jpg,1
1164.jpg,1
1165.jpg,0
1166.jpg,3
1167.jpg,3
1168.jpg,0
1169.jpg,0
1170.jpg,0
1171.jpg,3
1172.jpg,3
1173.jpg,0
1174.jpg,0
1175.jpg,0
1176.jpg,1
1177.jpg,1
1178.jpg,1
1179.jpg,1
1180.jpg,1
1181.jpg,0
1182.jpg,0
1183.jpg,0
1184.jpg,0
1185.jpg,0
1186.jpg,0
1187.jpg,1
1188.jpg,1
1189.jpg,1
1190.jpg,1
1191.jpg,0
1192.jpg,0
1193.jpg,0
1194.jpg,0
1195.jpg,0
1196.jpg,0
1197.jpg,0
1198.jpg,0
1199.jpg,0
1200.jpg,3
1201.jpg,3
1202.jpg,3
1203.jpg,3
1204.jpg,3
1205.jpg,3
1206.jpg,3
1207.jpg,3
1208.jpg,0
1209.jpg,0
1210.jpg,0
1211.jpg,0
1212.jpg,0
1213.jpg,0
1214.jpg,0
1215.jpg,0
1216.jpg,0
1217.jpg,0
1218.jpg,0
1219.jpg,0
1220.jpg,0
1221.jpg,0
1222.jpg,0
1223.jpg,0
1224.jpg,3
1225.jpg,3
1226.jpg,3
1227.jpg,3
1228.jpg,3
1229.jpg,3
1230.jpg,3
1231.jpg,0
1232.jpg,3
1233.jpg,3
1234.jpg,3
1235.jpg,3
1236.jpg,3
1237.jpg,3
1238.jpg,3
1239.jpg,3
1240.jpg,3
1241.jpg,0
1242.jpg,0
1243.jpg,0
1244.jpg,0
1245.jpg,0
1246.jpg,0
1247.jpg,0
1248.jpg,0
1249.jpg,0
1250.jpg,0
1251.jpg,0
1252.jpg,0
1253.jpg,0
1254.jpg,0
1255.jpg,0
1256.jpg,0
1257.jpg,0
1258.jpg,0
1259.jpg,0
1260.jpg,0
1261.jpg,0
1262.jpg,0
1263.jpg,0
1264.jpg,0
1265.jpg,0
1266.jpg,0
1267.jpg,0
1268.jpg,1
1269.jpg,1
1270.jpg,1
1271.jpg,1
1272.jpg,1
1273.jpg,0
1274.jpg,0
1275.jpg,0
1276.jpg,0
1277.jpg,1
1278.jpg,1
1279.jpg,1
1280.jpg,0
1281.jpg,0
1282.jpg,0
1283.jpg,0
1284.jpg,1
1285.jpg,1
1286.jpg,0
1287.jpg,0
1288.jpg,0
1289.jpg,0
1290.jpg,1
1291.jpg,1
1292.jpg,0
1293.jpg,1
1294.jpg,1
1295.jpg,0
1296.jpg,0
1297.jpg,0
1298.jpg,0
1299.jpg,0
1300.jpg,0
1301.jpg,0
1302.jpg,0
1303.jpg,0
1304.jpg,0
1305.jpg,0
1306.jpg,0
1307.jpg,0
1308.jpg,0
1309.jpg,0
1310.jpg,0
1311.jpg,1
1312.jpg,1
1313.jpg,1
1314.jpg,1
1315.jpg,0
1316.jpg,0
1317.jpg,1
1318.jpg,1
1319.jpg,1
1320.jpg,1
1321.jpg,1
1322.jpg,0
1323.jpg,0
1324.jpg,0
1325.jpg,0
1326.jpg,0
1327.jpg,0
1328.jpg,0
1329.jpg,0
1330.jpg,0
1331.jpg,0
1332.jpg,0
1333.jpg,0
1334.jpg,0
1335.jpg,0
1336.jpg,0
1337.jpg,0
1338.jpg,0
1339.jpg,0
1340.jpg,0
1341.jpg,0
1342.jpg,0
1343.jpg,0
1344.jpg,0
1345.jpg,0
1346.jpg,0
1347.jpg,0
1348.jpg,1
1349.jpg,1
1350.jpg,1
1351.jpg,1
1352.jpg,1
1353.jpg,0
1354.jpg,0
1355.jpg,0
1356.jpg,1
1357.jpg,1
1358.jpg,1
1359.jpg,1
1360.jpg,1
1361.jpg,0
1362.jpg,0
1363.jpg,0
1364.jpg,0
1365.jpg,0
1366.jpg,0
1367.jpg,0
1368.jpg,0
1369.jpg,0
1370.jpg,0
1371.jpg,0
1372.jpg,0
1373.jpg,1
1374.jpg,1
1375.jpg,1
1376.jpg,1
1377.jpg,1
1378.jpg,0
1379.jpg,1
1380.jpg,1
1381.jpg,1
1382.jpg,0
1383.jpg,0
1384.jpg,1
1385.jpg,1
1386.jpg,1
1387.jpg,1
1388.jpg,0
1389.jpg,0
1390.jpg,0
1391.jpg,0
1392.jpg,0
1393.jpg,0
1394.jpg,0
1395.jpg,0
1396.jpg,0
1397.jpg,0
1398.jpg,0
1399.jpg,0
1400.jpg,0
1401.jpg,0
1402.jpg,0
1403.jpg,0
1404.jpg,0
1405.jpg,0
1406.jpg,0
1407.jpg,0
1408.jpg,0
1409.jpg,1
1410.jpg,1
1411.jpg,0
1412.jpg,0
1413.jpg,0
1414.jpg,0
1415.jpg,0
1416.jpg,0
1417.jpg,0
1418.jpg,0
1419.jpg,0
1420.jpg,0
1421.jpg,0
1422.jpg,0
1423.jpg,0
1424.jpg,0
1425.jpg,0
1426.jpg,0
1427.jpg,1
1428.jpg,1
1429.jpg,1
1430.jpg,1
1431.jpg,0
1432.jpg,0
1433.jpg,0
1434.jpg,0
1435.jpg,0
1436.jpg,0
1437.jpg,0
1438.jpg,0
1439.jpg,0
1440.jpg,0
1441.jpg,0
1442.jpg,0
1443.jpg,0
1444.jpg,0
1445.jpg,0
1446.jpg,0
1447.jpg,0
1448.jpg,0
1449.jpg,0
1450.jpg,0
1451.jpg,0
1452.jpg,0
1453.jpg,0
1454.jpg,0
1455.jpg,0
1456.jpg,0
1457.jpg,0
1458.jpg,0
1459.jpg,0
1460.jpg,0
1461.jpg,0
1462.jpg,0
1463.jpg,0
1464.jpg,1
1465.jpg,1
1466.jpg,1
1467.jpg,0
1468.jpg,0
1469.jpg,0
1470.jpg,0
1471.jpg,0
1472.jpg,1
1473.jpg,1
1474.jpg,1
1475.jpg,1
1476.jpg,1
1477.jpg,0
1478.jpg,0
1479.jpg,0
1480.jpg,0
1481.jpg,0
1482.jpg,0
1483.jpg,0
1484.jpg,0
1485.jpg,0
1486.jpg,0
1487.jpg,0
1488.jpg,0
1489.jpg,0
1490.jpg,0
1491.jpg,0
1492.jpg,0
1493.jpg,0
1494.jpg,0
1495.jpg,0
1496.jpg,0
1497.jpg,1
1498.jpg,1
1499.jpg,1
1500.jpg,1
1501.jpg,1
1502.jpg,0
1503.jpg,0
1504.jpg,0
1505.jpg,0
1506.jpg,1
1507.jpg,1
1508.jpg,1
1509.jpg,0
1510.jpg,1
1511.jpg,1
1512.jpg,0
1513.jpg,0
1514.jpg,0
1515.jpg,0
1516.jpg,0
1517.jpg,0
1518.jpg,0
1519.jpg,0
1520.jpg,0
1521.jpg,0
1522.jpg,0
1523.jpg,0
1524.jpg,0
1525.jpg,0
1526.jpg,0
1527.jpg,0
1528.jpg,0
1529.jpg,1
1530.jpg,1
1531.jpg,1
1532.jpg,1
1533.jpg,1
1534.jpg,1
1535.jpg,1
1536.jpg,1
1537.jpg,0
1538.jpg,0
1539.jpg,0
1540.jpg,0
1541.jpg,0
1542.jpg,0
1543.jpg,0
1544.jpg,0
1545.jpg,0
1546.jpg,0
1547.jpg,0
1548.jpg,0
1549.jpg,0
1550.jpg,0
1551.jpg,0
1552.jpg,0
1553.jpg,3
1554.jpg,3
1555.jpg,0
1556.jpg,3
1557.jpg,3
1558.jpg,0
1559.jpg,3
1560.jpg,3
1561.jpg,3
1562.jpg,3
1563.jpg,3
1564.jpg,0
1565.jpg,3
1566.jpg,3
1567.jpg,3
1568.jpg,3
1569.jpg,1
1570.jpg,1
1571.jpg,3
1572.jpg,3
1573.jpg,1
1574.jpg,1
1575.jpg,1
1576.jpg,1
1577.jpg,1
1578.jpg,1
1579.jpg,1
1580.jpg,1
1581.jpg,0
1582.jpg,0
1583.jpg,0
1584.jpg,0
1585.jpg,0
1586.jpg,0
1587.jpg,0
1588.jpg,0
1589.jpg,0
1590.jpg,0
1591.jpg,1
1592.jpg,1
1593.jpg,1
1594.jpg,1
1595.jpg,0
1596.jpg,0
1597.jpg,0
1598.jpg,1
1599.jpg,1
1600.jpg,1
1601.jpg,1
1602.jpg,1
1603.jpg,1
1604.jpg,1
1605.jpg,1
1606.jpg,1
1607.jpg,1
1608.jpg,1
1609.jpg,1
1610.jpg,1
1611.jpg,1
1612.jpg,1
1613.jpg,1
1614.jpg,1
1615.jpg,1
1616.jpg,0
1617.jpg,0
1618.jpg,0
1619.jpg,0
1620.jpg,0
1621.jpg,0
1622.jpg,0
1623.jpg,1
1624.jpg,1
1625.jpg,0
1626.jpg,0
1627.jpg,1
1628.jpg,1
1629.jpg,1
1630.jpg,1
1631.jpg,1
1632.jpg,1
1633.jpg,1
1634.jpg,1
1635.jpg,1
1636.jpg,1
1637.jpg,1
1638.jpg,1
1639.jpg,1
1640.jpg,0
1641.jpg,1
1642.jpg,1
1643.jpg,1
1644.jpg,1
1645.jpg,1
1646.jpg,1
1647.jpg,1
1648.jpg,1
1649.jpg,1
1650.jpg,1
1651.jpg,1
1652.jpg,1
1653.jpg,1
1654.jpg,1
1655.jpg,1
1656.jpg,1
1657.jpg,1
1658.jpg,1
1659.jpg,1
1660.jpg,1
1661.jpg,1
1662.jpg,1
1663.jpg,1
1664.jpg,1
1665.jpg,1
1666.jpg,1
1667.jpg,4
1668.jpg,4
1669.jpg,4
1670.jpg,4
1671.jpg,4
1672.jpg,4
1673.jpg,4
1674.jpg,4
1675.jpg,4
1676.jpg,4
1677.jpg,4
1678.jpg,4
1679.jpg,4
1680.jpg,4
1681.jpg,4
1682.jpg,4
1683.jpg,4
1684.jpg,4
1685.jpg,4
1686.jpg,4
1687.jpg,4
1688.jpg,4
1689.jpg,4
1690.jpg,4
1691.jpg,4
1692.jpg,4
1693.jpg,4
1694.jpg,4
1695.jpg,4
1696.jpg,4
1697.jpg,4
1698.jpg,4
1699.jpg,4
1700.jpg,4
1701.jpg,4
1702.jpg,4
1703.jpg,4
1704.jpg,4
1705.jpg,4
1706.jpg,4
1707.jpg,4
1708.jpg,4
1709.jpg,4
1710.jpg,4
1711.jpg,4
1712.jpg,4
1713.jpg,4
1714.jpg,4
1715.jpg,4
1716.jpg,4
1717.jpg,4
1718.jpg,4
1719.jpg,4
1720.jpg,4
1721.jpg,4
1722.jpg,4
1723.jpg,4
1724.jpg,4
1725.jpg,4
1726.jpg,4
1727.jpg,4
1728.jpg,4
1729.jpg,4
1730.jpg,4
1731.jpg,4
1732.jpg,4
1733.jpg,4
1734.jpg,4
1735.jpg,4
1736.jpg,4
1737.jpg,4
1738.jpg,4
1739.jpg,4
1740.jpg,4
1741.jpg,4
1742.jpg,4
1743.jpg,4
1744.jpg,4
1745.jpg,4
1746.jpg,4
1747.jpg,4
1748.jpg,4
1749.jpg,4
1750.jpg,4
1751.jpg,4
1752.jpg,4
1753.jpg,4
1754.jpg,4
1755.jpg,4
1756.jpg,4
1757.jpg,4
1758.jpg,4
1759.jpg,4
1760.jpg,4
1761.jpg,4
1762.jpg,4
1763.jpg,4
1764.jpg,4
1765.jpg,4
1766.jpg,4
1767.jpg,4
1768.jpg,4
1769.jpg,4
1770.jpg,4
1771.jpg,4
1772.jpg,4
1773.jpg,4
1774.jpg,4
1775.jpg,4
1776.jpg,4
1777.jpg,4
1778.jpg,4
1779.jpg,4
1780.jpg,4
1781.jpg,4
1782.jpg,4
1783.jpg,4
1784.jpg,4
1785.jpg,4
1786.jpg,4
1787.jpg,4
1788.jpg,4
1789.jpg,4
1790.jpg,4
1791.jpg,4
1792.jpg,4
1793.jpg,4
1794.jpg,4
1795.jpg,4
1796.jpg,4
1797.jpg,4
1798.jpg,4
1799.jpg,4
1800.jpg,4
1801.jpg,4
1802.jpg,4
1803.jpg,4
1804.jpg,4
1805.jpg,4
1806.jpg,4
1807.jpg,4
1808.jpg,4
1809.jpg,4
1810.jpg,4
1811.jpg,4
1812.jpg,4
1813.jpg,4
1814.jpg,4
1815.jpg,4
1816.jpg,4
1817.jpg,4
1818.jpg,4
1819.jpg,4
1820.jpg,4
1821.jpg,4
1822.jpg,4
1823.jpg,4
1824.jpg,4
1825.jpg,4
1826.jpg,4
1827.jpg,4
1828.jpg,4
1829.jpg,4
1830.jpg,4
1831.jpg,4
1832.jpg,4
1833.jpg,4
1834.jpg,4
1835.jpg,4
1836.jpg,4
1837.jpg,4
1838.jpg,4
1839.jpg,4
1840.jpg,4
1841.jpg,4
1842.jpg,4
1843.jpg,4
1844.jpg,4
1845.jpg,4
1846.jpg,4
1847.jpg,4
1848.jpg,4
1849.jpg,4
1850.jpg,4
1851.jpg,4
1852.jpg,4
1853.jpg,4
1854.jpg,4
1855.jpg,4
1856.jpg,4
1857.jpg,4
1858.jpg,4
1859.jpg,4
1860.jpg,4
1861.jpg,4
1862.jpg,4
1863.jpg,4
1864.jpg,4
1865.jpg,4
1866.jpg,4
1867.jpg,4
1868.jpg,4
1869.jpg,4
1870.jpg,4
1871.jpg,4
1872.jpg,4
1873.jpg,4
1874.jpg,4
1875.jpg,4
1876.jpg,4
1877.jpg,4
1878.jpg,4
1879.jpg,4
1880.jpg,4
1881.jpg,4
1882.jpg,4
1883.jpg,4
1884.jpg,4
1885.jpg,4
1886.jpg,4
1887.jpg,4
1888.jpg,4
1889.jpg,4
1890.jpg,4
1891.jpg,4
1892.jpg,4
1893.jpg,4
1894.jpg,4
1895.jpg,4
1896.jpg,4
1897.jpg,4
1898.jpg,4
1899.jpg,4
1900.jpg,4
1901.jpg,4
1902.jpg,4
1903.jpg,4
1904.jpg,4
1905.jpg,4
1906.jpg,4
1907.jpg,4
1908.jpg,4
1909.jpg,4
1910.jpg,4
1911.jpg,4
1912.jpg,4
1913.jpg,4
1914.jpg,4
1915.jpg,4
1916.jpg,4
1917.jpg,4
1918.jpg,4
1919.jpg,4
1920.jpg,4
1921.jpg,4
1922.jpg,4
1923.jpg,4
1924.jpg,4
1925.jpg,4
1926.jpg,4
1927.jpg,4
1928.jpg,4
1929.jpg,4
1930.jpg,4
1931.jpg,4
1932.jpg,4
1933.jpg,4
1934.jpg,4
1935.jpg,4
1936.jpg,4
1937.jpg,4
1938.jpg,4
1939.jpg,4
1940.jpg,4
1941.jpg,4
1942.jpg,4
1943.jpg,4
1944.jpg,4
1945.jpg,4
1946.jpg,4
1947.jpg,4
1948.jpg,4
1949.jpg,4
1950.jpg,4
1951.jpg,4
1952.jpg,4
1953.jpg,4
1954.jpg,4
1955.jpg,4
1956.jpg,4
1957.jpg,4
1958.jpg,4
1959.jpg,4
1960.jpg,4
1961.jpg,4
1962.jpg,4
1963.jpg,4
1964.jpg,4
1965.jpg,4
1966.jpg,4
1967.jpg,4
1968.jpg,4
1969.jpg,4
1970.jpg,4
1971.jpg,4
1972.jpg,4
1973.jpg,4
1974.jpg,4
1975.jpg,4
1976.jpg,4
1977.jpg,4
1978.jpg,4
1979.jpg,4
1980.jpg,4
1981.jpg,4
1982.jpg,4
1983.jpg,4
1984.jpg,4
1985.jpg,4
1986.jpg,4
1987.jpg,4
1988.jpg,4
1989.jpg,4
1990.jpg,4
1991.jpg,4
1992.jpg,4
1993.jpg,4
1994.jpg,4
1995.jpg,4
1996.jpg,4
1997.jpg,4
1998.jpg,4
1999.jpg,4
2000.jpg,4
2001.jpg,4
2002.jpg,4
2003.jpg,4
2004.jpg,4
2005.jpg,4
2006.jpg,4
2007.jpg,4
2008.jpg,4
2009.jpg,4
2010.jpg,4
2011.jpg,4
2012.jpg,4
2013.jpg,4
2014.jpg,4
2015.jpg,4
2016.jpg,4
2017.jpg,4
2018.jpg,4
2019.jpg,4
2020.jpg,4
2021.jpg,4
2022.jpg,4
2023.jpg,4
2024.jpg,4
2025.jpg,4
2026.jpg,4
2027.jpg,4
2028.jpg,4
2029.jpg,4
2030.jpg,4
2031.jpg,4
2032.jpg,4
2033.jpg,4
2034.jpg,4
2035.jpg,4
2036.jpg,4
2037.jpg,4
2038.jpg,4
2039.jpg,4
2040.jpg,4
2041.jpg,4
2042.jpg,4
2043.jpg,4
2044.jpg,4
2045.jpg,4
2046.jpg,4
2047.jpg,4
2048.jpg,4
2049.jpg,4
2050.jpg,4
2051.jpg,4
2052.jpg,4
2053.jpg,4
2054.jpg,4
2055.jpg,4
2056.jpg,4
2057.jpg,4
2058.jpg,4
2059.jpg,4
2060.jpg,4
2061.jpg,4
2062.jpg,4
2063.jpg,4
2064.jpg,4
2065.jpg,4
2066.jpg,4
2067.jpg,4
2068.jpg,4
2069.jpg,4
2070.jpg,4
2071.jpg,4
2072.jpg,4
2073.jpg,4
2074.jpg,4
2075.jpg,4
2076.jpg,4
2077.jpg,4
2078.jpg,4
2079.jpg,4
2080.jpg,4
2081.jpg,4
2082.jpg,4
2083.jpg,4
2084.jpg,4
2085.jpg,4
2086.jpg,4
2087.jpg,4
2088.jpg,4
2089.jpg,4
2090.jpg,4
2091.jpg,4
2092.jpg,4
2093.jpg,4
2094.jpg,4
2095.jpg,4
2096.jpg,4
2097.jpg,4
2098.jpg,4
2099.jpg,4
2100.jpg,4
2101.jpg,4
2102.jpg,4
2103.jpg,4
2104.jpg,4
2105.jpg,4
2106.jpg,4
2107.jpg,4
2108.jpg,4
2109.jpg,0
2110.jpg,4
2111.jpg,4
2112.jpg,4
2113.jpg,4
2114.jpg,4
2115.jpg,4
2116.jpg,4
2117.jpg,4
2118.jpg,4
2119.jpg,4
2120.jpg,4
2121.jpg,4
2122.jpg,4
2123.jpg,4
2124.jpg,4
2125.jpg,4
2126.jpg,4
2127.jpg,4
2128.jpg,4
2129.jpg,4
2130.jpg,4
2131.jpg,4
2132.jpg,4
2133.jpg,4
2134.jpg,4
2135.jpg,4
2136.jpg,4
2137.jpg,4
2138.jpg,4
2139.jpg,4
2140.jpg,4
2141.jpg,4
2142.jpg,4
2143.jpg,4
2144.jpg,4
2145.jpg,4
2146.jpg,4
2147.jpg,4
2148.jpg,4
2149.jpg,4
2150.jpg,4
2151.jpg,4
2152.jpg,4
2153.jpg,4
2154.jpg,4
2155.jpg,4
2156.jpg,4
2157.jpg,4
2158.jpg,4
2159.jpg,4
2160.jpg,4
2161.jpg,4
2162.jpg,4
2163.jpg,4
2164.jpg,4
2165.jpg,4
2166.jpg,4
2167.jpg,4
2168.jpg,4
2169.jpg,4
2170.jpg,4
2171.jpg,4
2172.jpg,4
2173.jpg,4
2174.jpg,4
2175.jpg,4
2176.jpg,4
2177.jpg,4
2178.jpg,4
2179.jpg,4
2180.jpg,4
2181.jpg,4
2182.jpg,4
2183.jpg,4
2184.jpg,4
2185.jpg,4
2186.jpg,4
2187.jpg,4
2188.jpg,4
2189.jpg,4
2190.jpg,4
2191.jpg,4
2192.jpg,4
2193.jpg,4
2194.jpg,4
2195.jpg,4
2196.jpg,4
2197.jpg,4
2198.jpg,4
2199.jpg,4
2200.jpg,4
2201.jpg,4
2202.jpg,4
2203.jpg,4
2204.jpg,4
2205.jpg,4
2206.jpg,4
2207.jpg,4
2208.jpg,4
2209.jpg,4
2210.jpg,4
2211.jpg,4
2212.jpg,4
2213.jpg,4
2214.jpg,4
2215.jpg,4
2216.jpg,4
2217.jpg,4
2218.jpg,4
2219.jpg,4
2220.jpg,4
2221.jpg,4
2222.jpg,4
2223.jpg,4
2224.jpg,4
2225.jpg,4
2226.jpg,4
2227.jpg,4
2228.jpg,4
2229.jpg,4
2230.jpg,4
2231.jpg,4
2232.jpg,4
2233.jpg,4
2234.jpg,4
2235.jpg,4
2236.jpg,4
2237.jpg,4
2238.jpg,4
2239.jpg,4
2240.jpg,4
2241.jpg,4
2242.jpg,4
2243.jpg,4
2244.jpg,4
2245.jpg,4
2246.jpg,4
2247.jpg,4
2248.jpg,4
2249.jpg,4
2250.jpg,4
2251.jpg,4
2252.jpg,4
2253.jpg,4
2254.jpg,4
2255.jpg,4
2256.jpg,4
2257.jpg,4
2258.jpg,4
2259.jpg,4
2260.jpg,4
2261.jpg,4
2262.jpg,4
2263.jpg,4
2264.jpg,4
2265.jpg,4
2266.jpg,4
2267.jpg,4
2268.jpg,4
2269.jpg,4
2270.jpg,4
2271.jpg,4
2272.jpg,4
2273.jpg,4
2274.jpg,4
2275.jpg,4
2276.jpg,4
2277.jpg,4
2278.jpg,4
2279.jpg,4
2280.jpg,4
2281.jpg,4
2282.jpg,4
2283.jpg,4
2284.jpg,4
2285.jpg,4
2286.jpg,4
2287.jpg,4
2288.jpg,4
2289.jpg,4
2290.jpg,4
2291.jpg,4
2292.jpg,4
2293.jpg,4
2294.jpg,4
2295.jpg,4
2296.jpg,4
2297.jpg,4
2298.jpg,4
2299.jpg,4
2300.jpg,4
2301.jpg,4
2302.jpg,4
2303.jpg,4
2304.jpg,4
2305.jpg,4
2306.jpg,4
2307.jpg,4
2308.jpg,4
2309.jpg,4
2310.jpg,4
2311.jpg,4
2312.jpg,4
2313.jpg,4
2314.jpg,4
2315.jpg,4
2316.jpg,4
2317.jpg,4
2318.jpg,4
2319.jpg,4
2320.jpg,4
2321.jpg,4
2322.jpg,4
2323.jpg,4
2324.jpg,4
2325.jpg,4
2326.jpg,4
2327.jpg,0
2328.jpg,0
2329.jpg,0
2330.jpg,0
2331.jpg,0
2332.jpg,3
2333.jpg,3
2334.jpg,3
2335.jpg,3
2336.jpg,3
2337.jpg,0
2338.jpg,0
2339.jpg,0
2340.jpg,0
2341.jpg,0
2342.jpg,3
2343.jpg,3
2344.jpg,3
2345.jpg,3
2346.jpg,0
2347.jpg,0
2348.jpg,3
2349.jpg,3
2350.jpg,0
2351.jpg,0
2352.jpg,0
2353.jpg,0
2354.jpg,3
2355.jpg,3
2356.jpg,3
2357.jpg,3
2358.jpg,3
2359.jpg,3
2360.jpg,3
2361.jpg,3
2362.jpg,0
2363.jpg,3
2364.jpg,3
2365.jpg,3
2366.jpg,3
2367.jpg,3
2368.jpg,3
2369.jpg,3
2370.jpg,3
2371.jpg,3
2372.jpg,3
2373.jpg,3
2374.jpg,3
2375.jpg,3
2376.jpg,3
2377.jpg,3
2378.jpg,0
2379.jpg,0
2380.jpg,0
2381.jpg,0
2382.jpg,0
2383.jpg,0
2384.jpg,0
2385.jpg,3
2386.jpg,3
2387.jpg,3
2388.jpg,3
2389.jpg,3
2390.jpg,3
2391.jpg,3
2392.jpg,3
2393.jpg,3
2394.jpg,3
2395.jpg,3
2396.jpg,3
2397.jpg,3
2398.jpg,0
2399.jpg,0
2400.jpg,0
2401.jpg,0
2402.jpg,0
2403.jpg,3
2404.jpg,3
2405.jpg,3
2406.jpg,3
2407.jpg,0
2408.jpg,0
2409.jpg,0
2410.jpg,0
2411.jpg,0
2412.jpg,0
2413.jpg,0
2414.jpg,0
2415.jpg,0
2416.jpg,0
2417.jpg,0
2418.jpg,0
2419.jpg,0
2420.jpg,0
2421.jpg,0
2422.jpg,0
2423.jpg,0
2424.jpg,0
2425.jpg,0
2426.jpg,0
2427.jpg,0
2428.jpg,0
2429.jpg,3
2430.jpg,3
2431.jpg,3
2432.jpg,3
2433.jpg,3
2434.jpg,0
2435.jpg,0
2436.jpg,0
2437.jpg,1
2438.jpg,1
2439.jpg,1
2440.jpg,1
2441.jpg,1
2442.jpg,0
2443.jpg,0
2444.jpg,0
2445.jpg,0
2446.jpg,0
2447.jpg,1
2448.jpg,1
2449.jpg,0
2450.jpg,0
2451.jpg,0
2452.jpg,0
2453.jpg,0
2454.jpg,0
2455.jpg,0
2456.jpg,0
2457.jpg,0
2458.jpg,0
2459.jpg,0
2460.jpg,0
2461.jpg,1
2462.jpg,1
2463.jpg,0
2464.jpg,0
2465.jpg,0
2466.jpg,0
2467.jpg,0
2468.jpg,0
2469.jpg,1
2470.jpg,1
2471.jpg,1
2472.jpg,1
2473.jpg,0
2474.jpg,0
2475.jpg,0
2476.jpg,0
2477.jpg,0
2478.jpg,0
2479.jpg,0
2480.jpg,0
2481.jpg,0
2482.jpg,1
2483.jpg,1
2484.jpg,1
2485.jpg,1
2486.jpg,1
2487.jpg,0
2488.jpg,0
2489.jpg,0
2490.jpg,0
2491.jpg,0
2492.jpg,0
2493.jpg,0
2494.jpg,0
2495.jpg,0
2496.jpg,5
2497.jpg,5
2498.jpg,0
2499.jpg,0
2500.jpg,0
2501.jpg,0
2502.jpg,0
2503.jpg,0
2504.jpg,0
2505.jpg,0
2506.jpg,1
2507.jpg,1
2508.jpg,1
2509.jpg,1
2510.jpg,1
2511.jpg,1
2512.jpg,1
2513.jpg,0
2514.jpg,1
2515.jpg,1
2516.jpg,1
2517.jpg,1
2518.jpg,1
2519.jpg,1
2520.jpg,0
2521.jpg,5
2522.jpg,5
2523.jpg,0
2524.jpg,0
2525.jpg,0
2526.jpg,0
2527.jpg,1
2528.jpg,1
2529.jpg,1
2530.jpg,1
2531.jpg,0
2532.jpg,0
2533.jpg,0
2534.jpg,0
2535.jpg,5
2536.jpg,5
2537.jpg,5
2538.jpg,0
2539.jpg,0
2540.jpg,0
2541.jpg,0
2542.jpg,0
2543.jpg,1
2544.jpg,1
2545.jpg,0
2546.jpg,5
2547.jpg,5
2548.jpg,0
2549.jpg,0
2550.jpg,0
2551.jpg,0
2552.jpg,0
2553.jpg,0
2554.jpg,0
2555.jpg,0
2556.jpg,0
2557.jpg,0
2558.jpg,0
2559.jpg,0
2560.jpg,0
2561.jpg,1
2562.jpg,1
2563.jpg,0
2564.jpg,0
2565.jpg,0
2566.jpg,0
2567.jpg,0
2568.jpg,1
2569.jpg,1
2570.jpg,1
2571.jpg,1
2572.jpg,1
2573.jpg,0
2574.jpg,0
2575.jpg,0
2576.jpg,4
2577.jpg,4
2578.jpg,4
2579.jpg,4
2580.jpg,4
2581.jpg,4
2582.jpg,4
2583.jpg,4
2584.jpg,4
2585.jpg,4
2586.jpg,4
2587.jpg,4
2588.jpg,4
2589.jpg,4
2590.jpg,4
2591.jpg,4
2592.jpg,4
2593.jpg,4
2594.jpg,4
2595.jpg,4
2596.jpg,4
2597.jpg,4
2598.jpg,4
2599.jpg,4
2600.jpg,4
2601.jpg,4
2602.jpg,4
2603.jpg,4
2604.jpg,4
2605.jpg,4
2606.jpg,4
2607.jpg,4
2608.jpg,4
2609.jpg,4
2610.jpg,4
2611.jpg,4
2612.jpg,4
2613.jpg,4
2614.jpg,4
2615.jpg,4
2616.jpg,4
2617.jpg,4
2618.jpg,4
2619.jpg,4
2620.jpg,4
2621.jpg,4
2622.jpg,4
2623.jpg,4
2624.jpg,4
2625.jpg,4
2626.jpg,4
2627.jpg,4
2628.jpg,4
2629.jpg,4
2630.jpg,4
2631.jpg,4
2632.jpg,4
2633.jpg,4
2634.jpg,4
2635.jpg,4
2636.jpg,4
2637.jpg,4
2638.jpg,4
2639.jpg,4
2640.jpg,4
2641.jpg,4
2642.jpg,4
2643.jpg,4
2644.jpg,4
2645.jpg,4
2646.jpg,4
2647.jpg,0
2648.jpg,0
2649.jpg,0
2650.jpg,0
2651.jpg,0
2652.jpg,5
2653.jpg,5
2654.jpg,5
2655.jpg,5
2656.jpg,5
2657.jpg,5
2658.jpg,0
2659.jpg,0
2660.jpg,0
2661.jpg,0
2662.jpg,5
2663.jpg,5
2664.jpg,5
2665.jpg,5
2666.jpg,0
2667.jpg,0
2668.jpg,0
2669.jpg,0
2670.jpg,0
2671.jpg,0
2672.jpg,0
2673.jpg,0
2674.jpg,0
2675.jpg,0
2676.jpg,1
2677.jpg,1
2678.jpg,1
2679.jpg,1
2680.jpg,0
2681.jpg,0
2682.jpg,0
2683.jpg,0
2684.jpg,0
2685.jpg,0
2686.jpg,0
2687.jpg,0
2688.jpg,0
2689.jpg,0
2690.jpg,0
2691.jpg,0
2692.jpg,0
2693.jpg,0
2694.jpg,0
2695.jpg,0
2696.jpg,0
2697.jpg,3
2698.jpg,3
2699.jpg,3
2700.jpg,3
2701.jpg,3
2702.jpg,3
2703.jpg,0
2704.jpg,3
2705.jpg,3
2706.jpg,3
2707.jpg,3
2708.jpg,3
2709.jpg,3
2710.jpg,3
2711.jpg,3
2712.jpg,0
2713.jpg,3
2714.jpg,3
2715.jpg,3
2716.jpg,3
2717.jpg,3
2718.jpg,3
2719.jpg,0
2720.jpg,0
2721.jpg,3
2722.jpg,3
2723.jpg,3
2724.jpg,3
2725.jpg,3
2726.jpg,3
2727.jpg,3
2728.jpg,3
2729.jpg,3
2730.jpg,3
2731.jpg,3
2732.jpg,3
2733.jpg,3
2734.jpg,3
2735.jpg,3
2736.jpg,3
2737.jpg,3
2738.jpg,3
2739.jpg,3
2740.jpg,3
2741.jpg,3
2742.jpg,3
2743.jpg,3
2744.jpg,3
2745.jpg,3
2746.jpg,3
2747.jpg,3
2748.jpg,3
2749.jpg,3
2750.jpg,3
2751.jpg,3
2752.jpg,3
2753.jpg,3
2754.jpg,3
2755.jpg,3
2756.jpg,0
2757.jpg,0
2758.jpg,3
2759.jpg,3
2760.jpg,3
2761.jpg,0
2762.jpg,0
2763.jpg,3
2764.jpg,3
2765.jpg,3
2766.jpg,3
2767.jpg,3
2768.jpg,3
2769.jpg,0
2770.jpg,3
2771.jpg,3
2772.jpg,3
2773.jpg,3
2774.jpg,3
2775.jpg,3
2776.jpg,3
2777.jpg,3
2778.jpg,3
2779.jpg,3
2780.jpg,0
2781.jpg,0
2782.jpg,3
2783.jpg,3
2784.jpg,0
2785.jpg,0
2786.jpg,0
2787.jpg,0
2788.jpg,3
2789.jpg,3
2790.jpg,3
2791.jpg,3
2792.jpg,3
2793.jpg,0
2794.jpg,3
2795.jpg,3
2796.jpg,3
2797.jpg,3
2798.jpg,3
2799.jpg,3
2800.jpg,0
2801.jpg,0
2802.jpg,0
2803.jpg,3
2804.jpg,3
2805.jpg,3
2806.jpg,3
2807.jpg,3
2808.jpg,3
2809.jpg,3
2810.jpg,3
2811.jpg,3
2812.jpg,3
2813.jpg,0
2814.jpg,0
2815.jpg,0
2816.jpg,0
2817.jpg,3
2818.jpg,3
2819.jpg,3
2820.jpg,3
2821.jpg,3
2822.jpg,3
2823.jpg,3
2824.jpg,0
2825.jpg,0
2826.jpg,3
2827.jpg,3
2828.jpg,3
2829.jpg,0
2830.jpg,0
2831.jpg,0
2832.jpg,0
2833.jpg,0
2834.jpg,3
2835.jpg,3
2836.jpg,3
2837.jpg,0
2838.jpg,0
2839.jpg,3
2840.jpg,3
2841.jpg,3
2842.jpg,3
2843.jpg,0
2844.jpg,3
2845.jpg,3
2846.jpg,3
2847.jpg,3
2848.jpg,3
2849.jpg,3
2850.jpg,3
2851.jpg,0
2852.jpg,3
2853.jpg,3
2854.jpg,3
2855.jpg,3
2856.jpg,3
2857.jpg,3
2858.jpg,3
2859.jpg,3
2860.jpg,3
2861.jpg,3
2862.jpg,3
2863.jpg,3
2864.jpg,3
2865.jpg,3
2866.jpg,3
2867.jpg,3
2868.jpg,3
2869.jpg,3
2870.jpg,3
2871.jpg,3
2872.jpg,3
2873.jpg,3
2874.jpg,3
2875.jpg,3
2876.jpg,3
2877.jpg,3
2878.jpg,3
2879.jpg,3
2880.jpg,3
2881.jpg,3
2882.jpg,3
2883.jpg,3
2884.jpg,3
2885.jpg,3
2886.jpg,3
2887.jpg,0
2888.jpg,0
2889.jpg,0
2890.jpg,3
2891.jpg,3
2892.jpg,3
2893.jpg,3
2894.jpg,3
2895.jpg,0
2896.jpg,0
2897.jpg,0
2898.jpg,0
2899.jpg,0
2900.jpg,0
2901.jpg,0
2902.jpg,1
2903.jpg,1
2904.jpg,1
2905.jpg,1
2906.jpg,1
2907.jpg,1
2908.jpg,1
2909.jpg,1
2910.jpg,1
2911.jpg,0
2912.jpg,0
2913.jpg,0
2914.jpg,0
2915.jpg,1
2916.jpg,1
2917.jpg,0
2918.jpg,0
2919.jpg,0
2920.jpg,0
2921.jpg,0
2922.jpg,0
2923.jpg,0
2924.jpg,1
2925.jpg,1
2926.jpg,1
2927.jpg,1
2928.jpg,0
2929.jpg,0
2930.jpg,1
2931.jpg,1
2932.jpg,1
2933.jpg,1
2934.jpg,1
2935.jpg,1
2936.jpg,1
2937.jpg,0
2938.jpg,0
2939.jpg,0
2940.jpg,0
2941.jpg,0
2942.jpg,0
2943.jpg,0
2944.jpg,0
2945.jpg,0
2946.jpg,0
2947.jpg,0
2948.jpg,0
2949.jpg,1
2950.jpg,1
2951.jpg,1
2952.jpg,1
2953.jpg,1
2954.jpg,0
2955.jpg,0
2956.jpg,0
2957.jpg,0
2958.jpg,0
2959.jpg,0
2960.jpg,0
2961.jpg,0
2962.jpg,1
2963.jpg,1
2964.jpg,0
2965.jpg,0
2966.jpg,0
2967.jpg,0
2968.jpg,0
2969.jpg,0
2970.jpg,1
2971.jpg,1
2972.jpg,1
2973.jpg,0
2974.jpg,0
2975.jpg,0
2976.jpg,0
2977.jpg,0
2978.jpg,0
2979.jpg,0
2980.jpg,0
2981.jpg,0
2982.jpg,0
2983.jpg,1
2984.jpg,1
2985.jpg,1
2986.jpg,1
2987.jpg,1
2988.jpg,0
2989.jpg,0
2990.jpg,0
2991.jpg,0
2992.jpg,0
2993.jpg,0
2994.jpg,0
2995.jpg,0
2996.jpg,0
2997.jpg,0
2998.jpg,0
2999.jpg,0
3000.jpg,0
3001.jpg,0
3002.jpg,0
3003.jpg,0
3004.jpg,0
3005.jpg,0
3006.jpg,0
3007.jpg,0
3008.jpg,0
3009.jpg,0
3010.jpg,0
3011.jpg,0
3012.jpg,0
3013.jpg,1
3014.jpg,1
3015.jpg,1
3016.jpg,1
3017.jpg,1
3018.jpg,1
3019.jpg,1
3020.jpg,1
3021.jpg,1
3022.jpg,1
3023.jpg,1
3024.jpg,1
3025.jpg,0
3026.jpg,0
3027.jpg,0
3028.jpg,0
3029.jpg,0
3030.jpg,0
3031.jpg,0
3032.jpg,0
3033.jpg,0
3034.jpg,1
3035.jpg,1
3036.jpg,1
3037.jpg,0
3038.jpg,0
3039.jpg,1
3040.jpg,1
3041.jpg,1
3042.jpg,1
3043.jpg,0
3044.jpg,0
3045.jpg,0
3046.jpg,0
3047.jpg,0
3048.jpg,0
3049.jpg,0
3050.jpg,0
3051.jpg,1
3052.jpg,1
3053.jpg,0
3054.jpg,0
3055.jpg,0
3056.jpg,0
3057.jpg,0
3058.jpg,0
3059.jpg,0
3060.jpg,0
3061.jpg,0
3062.jpg,0
3063.jpg,0
3064.jpg,0
3065.jpg,0
3066.jpg,0
3067.jpg,0
3068.jpg,0
3069.jpg,0
3070.jpg,0
3071.jpg,0
3072.jpg,0
3073.jpg,0
3074.jpg,0
3075.jpg,0
3076.jpg,0
3077.jpg,0
3078.jpg,0
3079.jpg,1
3080.jpg,1
3081.jpg,1
3082.jpg,0
3083.jpg,0
3084.jpg,0
3085.jpg,0
3086.jpg,0
3087.jpg,0
3088.jpg,0
3089.jpg,0
3090.jpg,0
3091.jpg,0
3092.jpg,0
3093.jpg,0
3094.jpg,0
3095.jpg,0
3096.jpg,0
3097.jpg,0
3098.jpg,0
3099.jpg,0
3100.jpg,0
3101.jpg,0
3102.jpg,0
3103.jpg,0
3104.jpg,0
3105.jpg,0
3106.jpg,0
3107.jpg,0
3108.jpg,0
3109.jpg,0
3110.jpg,0
3111.jpg,0
3112.jpg,0
3113.jpg,0
3114.jpg,0
3115.jpg,0
3116.jpg,0
3117.jpg,0
3118.jpg,0
3119.jpg,0
3120.jpg,0
3121.jpg,0
3122.jpg,0
3123.jpg,0
3124.jpg,0
3125.jpg,0
3126.jpg,0
3127.jpg,0
3128.jpg,0
3129.jpg,0
3130.jpg,0
3131.jpg,0
3132.jpg,0
3133.jpg,0
3134.jpg,0
3135.jpg,0
3136.jpg,0
3137.jpg,0
3138.jpg,0
3139.jpg,0
3140.jpg,0
3141.jpg,0
3142.jpg,0
3143.jpg,0
3144.jpg,0
3145.jpg,0
3146.jpg,0
3147.jpg,0
3148.jpg,0
3149.jpg,0
3150.jpg,0
3151.jpg,0
3152.jpg,0
3153.jpg,0
3154.jpg,0
3155.jpg,0
3156.jpg,0
3157.jpg,0
3158.jpg,0
3159.jpg,0
3160.jpg,0
3161.jpg,0
3162.jpg,0
3163.jpg,0
3164.jpg,0
3165.jpg,0
3166.jpg,0
3167.jpg,1
3168.jpg,1
3169.jpg,1
3170.jpg,1
3171.jpg,1
3172.jpg,0
3173.jpg,0
3174.jpg,0
3175.jpg,0
3176.jpg,0
3177.jpg,0
3178.jpg,0
3179.jpg,0
3180.jpg,0
3181.jpg,0
3182.jpg,0
3183.jpg,0
3184.jpg,0
3185.jpg,0
3186.jpg,0
3187.jpg,0
3188.jpg,0
3189.jpg,0
3190.jpg,0
3191.jpg,0
3192.jpg,0
3193.jpg,0
3194.jpg,0
3195.jpg,0
3196.jpg,0
3197.jpg,0
3198.jpg,0
3199.jpg,0
3200.jpg,0
3201.jpg,0
3202.jpg,0
3203.jpg,0
3204.jpg,0
3205.jpg,0
3206.jpg,0
3207.jpg,0
3208.jpg,0
3209.jpg,0
3210.jpg,0
3211.jpg,0
3212.jpg,0
3213.jpg,0
3214.jpg,0
3215.jpg,0
3216.jpg,0
3217.jpg,0
3218.jpg,0
3219.jpg,0
3220.jpg,0
3221.jpg,0
3222.jpg,0
3223.jpg,0
3224.jpg,0
3225.jpg,0
3226.jpg,0
3227.jpg,0
3228.jpg,0
3229.jpg,0
3230.jpg,0
3231.jpg,0
3232.jpg,0
3233.jpg,0
3234.jpg,0
3235.jpg,0
3236.jpg,0
3237.jpg,0
3238.jpg,0
3239.jpg,0
3240.jpg,0
3241.jpg,0
3242.jpg,0
3243.jpg,0
3244.jpg,0
3245.jpg,0
3246.jpg,5
3247.jpg,0
3248.jpg,0
3249.jpg,0
3250.jpg,0
3251.jpg,0
3252.jpg,0
3253.jpg,0
3254.jpg,0
3255.jpg,0
3256.jpg,1
3257.jpg,1
3258.jpg,1
3259.jpg,1
3260.jpg,1
3261.jpg,0
3262.jpg,0
3263.jpg,0
3264.jpg,0
3265.jpg,0
3266.jpg,0
3267.jpg,0
3268.jpg,0
3269.jpg,0
3270.jpg,0
3271.jpg,0
3272.jpg,0
3273.jpg,0
3274.jpg,0
3275.jpg,0
3276.jpg,0
3277.jpg,0
3278.jpg,0
3279.jpg,0
3280.jpg,0
3281.jpg,0
3282.jpg,0
3283.jpg,0
3284.jpg,0
3285.jpg,0
3286.jpg,0
3287.jpg,0
3288.jpg,0
3289.jpg,0
3290.jpg,0
3291.jpg,0
3292.jpg,0
3293.jpg,0
3294.jpg,0
3295.jpg,0
3296.jpg,0
3297.jpg,0
3298.jpg,0
3299.jpg,0
3300.jpg,0
3301.jpg,0
3302.jpg,0
3303.jpg,0
3304.jpg,5
3305.jpg,5
3306.jpg,5
3307.jpg,5
3308.jpg,5
3309.jpg,0
3310.jpg,0
3311.jpg,0
3312.jpg,0
3313.jpg,0
3314.jpg,0
3315.jpg,0
3316.jpg,0
3317.jpg,0
3318.jpg,0
3319.jpg,0
3320.jpg,0
3321.jpg,0
3322.jpg,0
3323.jpg,0
3324.jpg,0
3325.jpg,0
3326.jpg,0
3327.jpg,0
3328.jpg,0
3329.jpg,0
3330.jpg,0
3331.jpg,0
3332.jpg,0
3333.jpg,0
3334.jpg,0
3335.jpg,0
3336.jpg,0
3337.jpg,0
3338.jpg,0
3339.jpg,5
3340.jpg,5
3341.jpg,5
3342.jpg,5
3343.jpg,0
3344.jpg,0
3345.jpg,0
3346.jpg,0
3347.jpg,0
3348.jpg,0
3349.jpg,0
3350.jpg,0
3351.jpg,0
3352.jpg,0
3353.jpg,0
3354.jpg,2
3355.jpg,2
3356.jpg,2
3357.jpg,2
3358.jpg,0
3359.jpg,0
3360.jpg,2
3361.jpg,2
3362.jpg,2
3363.jpg,2
3364.jpg,2
3365.jpg,2
3366.jpg,2
3367.jpg,2
3368.jpg,0
3369.jpg,0
3370.jpg,0
3371.jpg,2
3372.jpg,2
3373.jpg,2
3374.jpg,2
3375.jpg,2
3376.jpg,0
3377.jpg,0
3378.jpg,2
3379.jpg,2
3380.jpg,2
3381.jpg,0
3382.jpg,0
3383.jpg,0
3384.jpg,0
3385.jpg,2
3386.jpg,2
3387.jpg,2
3388.jpg,2
3389.jpg,2
3390.jpg,2
3391.jpg,2
3392.jpg,2
3393.jpg,2
3394.jpg,2
3395.jpg,2
3396.jpg,2
3397.jpg,0
3398.jpg,2
3399.jpg,2
3400.jpg,2
3401.jpg,1
3402.jpg,1
3403.jpg,1
3404.jpg,1
3405.jpg,1
3406.jpg,0
3407.jpg,0
3408.jpg,0
3409.jpg,0
3410.jpg,0
3411.jpg,0
3412.jpg,0
3413.jpg,0
3414.jpg,0
3415.jpg,0
3416.jpg,0
3417.jpg,0
3418.jpg,0
3419.jpg,0
3420.jpg,0
3421.jpg,0
3422.jpg,0
3423.jpg,0
3424.jpg,0
3425.jpg,0
3426.jpg,0
3427.jpg,0
3428.jpg,0
3429.jpg,0
3430.jpg,0
3431.jpg,0
3432.jpg,0
3433.jpg,0
3434.jpg,0
3435.jpg,0
3436.jpg,1
3437.jpg,1
3438.jpg,0
3439.jpg,1
3440.jpg,1
3441.jpg,1
3442.jpg,0
3443.jpg,0
3444.jpg,0
3445.jpg,0
3446.jpg,0
3447.jpg,1
3448.jpg,1
3449.jpg,1
3450.jpg,1
3451.jpg,1
3452.jpg,0
3453.jpg,0
3454.jpg,5
3455.jpg,5
3456.jpg,0
3457.jpg,0
3458.jpg,0
3459.jpg,0
3460.jpg,0
3461.jpg,0
3462.jpg,0
3463.jpg,0
3464.jpg,5
3465.jpg,5
3466.jpg,5
3467.jpg,5
3468.jpg,0
3469.jpg,0
3470.jpg,0
3471.jpg,0
3472.jpg,0
3473.jpg,0
3474.jpg,1
3475.jpg,1
3476.jpg,1
3477.jpg,1
3478.jpg,1
3479.jpg,0
3480.jpg,0
3481.jpg,0
3482.jpg,0
3483.jpg,0
3484.jpg,0
3485.jpg,0
3486.jpg,0
3487.jpg,0
3488.jpg,0
3489.jpg,0
3490.jpg,0
3491.jpg,0
3492.jpg,0
3493.jpg,0
3494.jpg,0
3495.jpg,0
3496.jpg,0
3497.jpg,0
3498.jpg,0
3499.jpg,0
3500.jpg,0
3501.jpg,0
3502.jpg,0
3503.jpg,0
3504.jpg,0
3505.jpg,0
3506.jpg,1
3507.jpg,1
3508.jpg,0
3509.jpg,0
3510.jpg,0
3511.jpg,0
3512.jpg,5
3513.jpg,5
3514.jpg,5
3515.jpg,0
3516.jpg,0
3517.jpg,0
3518.jpg,0
3519.jpg,1
3520.jpg,1
3521.jpg,1
3522.jpg,0
3523.jpg,0
3524.jpg,0
3525.jpg,0
3526.jpg,1
3527.jpg,1
3528.jpg,0
3529.jpg,1
3530.jpg,1
3531.jpg,1
3532.jpg,1
3533.jpg,1
3534.jpg,0
3535.jpg,0
3536.jpg,0
3537.jpg,5
3538.jpg,5
3539.jpg,0
3540.jpg,1
3541.jpg,1
3542.jpg,1
3543.jpg,0
3544.jpg,0
3545.jpg,1
3546.jpg,1
3547.jpg,0
3548.jpg,1
3549.jpg,1
3550.jpg,1
3551.jpg,0
3552.jpg,0
3553.jpg,0
3554.jpg,0
3555.jpg,0
3556.jpg,0
3557.jpg,0
3558.jpg,0
3559.jpg,0
3560.jpg,0
3561.jpg,0
3562.jpg,0
3563.jpg,0
3564.jpg,0
3565.jpg,0
3566.jpg,0
3567.jpg,0
3568.jpg,0
3569.jpg,0
3570.jpg,0
3571.jpg,0
3572.jpg,0
3573.jpg,1
3574.jpg,1
3575.jpg,0
3576.jpg,1
3577.jpg,1
3578.jpg,1
3579.jpg,0
3580.jpg,5
3581.jpg,5
3582.jpg,5
3583.jpg,5
3584.jpg,5
3585.jpg,5
3586.jpg,5
3587.jpg,5
3588.jpg,0
3589.jpg,0
3590.jpg,0
3591.jpg,0
3592.jpg,5
3593.jpg,5
3594.jpg,0
3595.jpg,1
3596.jpg,1
3597.jpg,1
3598.jpg,1
3599.jpg,1
3600.jpg,1
3601.jpg,1
3602.jpg,1
3603.jpg,0
3604.jpg,0
3605.jpg,1
3606.jpg,1
3607.jpg,0
3608.jpg,0
3609.jpg,0
3610.jpg,0
3611.jpg,0
3612.jpg,3
3613.jpg,3
3614.jpg,3
3615.jpg,3
3616.jpg,3
3617.jpg,3
3618.jpg,3
3619.jpg,3
3620.jpg,1
3621.jpg,1
3622.jpg,1
3623.jpg,1
3624.jpg,1
3625.jpg,1
3626.jpg,1
3627.jpg,1
3628.jpg,1
3629.jpg,3
3630.jpg,3
3631.jpg,3
3632.jpg,3
3633.jpg,3
3634.jpg,3
3635.jpg,3
3636.jpg,3
3637.jpg,3
3638.jpg,3
3639.jpg,3
3640.jpg,0
3641.jpg,0
3642.jpg,0
3643.jpg,0
3644.jpg,0
3645.jpg,0
3646.jpg,0
3647.jpg,0
3648.jpg,0
3649.jpg,0
3650.jpg,1
3651.jpg,1
3652.jpg,1
3653.jpg,1
3654.jpg,0
3655.jpg,0
3656.jpg,1
3657.jpg,1
3658.jpg,0
3659.jpg,1
3660.jpg,1
3661.jpg,1
3662.jpg,1
3663.jpg,1
3664.jpg,0
3665.jpg,0
3666.jpg,0
3667.jpg,0
3668.jpg,0
3669.jpg,0
3670.jpg,0
3671.jpg,0
3672.jpg,0
3673.jpg,1
3674.jpg,1
3675.jpg,0
3676.jpg,0
3677.jpg,0
3678.jpg,0
3679.jpg,0
3680.jpg,0
3681.jpg,0
3682.jpg,0
3683.jpg,0
3684.jpg,0
3685.jpg,0
3686.jpg,0
3687.jpg,0
3688.jpg,0
3689.jpg,0
3690.jpg,0
3691.jpg,0
3692.jpg,0
3693.jpg,0
3694.jpg,0
3695.jpg,0
3696.jpg,0
3697.jpg,0
3698.jpg,0
3699.jpg,0
3700.jpg,0
3701.jpg,0
3702.jpg,0
3703.jpg,0
3704.jpg,0
3705.jpg,0
3706.jpg,0
3707.jpg,0
3708.jpg,0
3709.jpg,0
3710.jpg,0
3711.jpg,0
3712.jpg,0
3713.jpg,0
3714.jpg,0
3715.jpg,0
3716.jpg,0
3717.jpg,0
3718.jpg,0
3719.jpg,0
3720.jpg,0
3721.jpg,0
3722.jpg,0
3723.jpg,0
3724.jpg,0
3725.jpg,0
3726.jpg,0
3727.jpg,0
3728.jpg,0
3729.jpg,0
3730.jpg,0
3731.jpg,0
3732.jpg,5
3733.jpg,5
3734.jpg,5
3735.jpg,5
3736.jpg,0
3737.jpg,0
3738.jpg,0
3739.jpg,0
3740.jpg,0
3741.jpg,0
3742.jpg,0
3743.jpg,0
3744.jpg,0
3745.jpg,0
3746.jpg,0
3747.jpg,0
3748.jpg,0
3749.jpg,0
3750.jpg,0
3751.jpg,0
3752.jpg,0
3753.jpg,0
3754.jpg,0
3755.jpg,0
3756.jpg,0
3757.jpg,3
3758.jpg,3
3759.jpg,3
3760.jpg,0
3761.jpg,0
3762.jpg,0
3763.jpg,0
3764.jpg,0
3765.jpg,0
3766.jpg,0
3767.jpg,0
3768.jpg,0
3769.jpg,0
3770.jpg,0
3771.jpg,0
3772.jpg,0
3773.jpg,0
3774.jpg,0
3775.jpg,0
3776.jpg,0
3777.jpg,0
3778.jpg,0
3779.jpg,0
3780.jpg,0
3781.jpg,0
3782.jpg,0
3783.jpg,0
3784.jpg,0
3785.jpg,0
3786.jpg,0
3787.jpg,0
3788.jpg,0
3789.jpg,0
3790.jpg,0
3791.jpg,0
3792.jpg,0
3793.jpg,0
3794.jpg,0
3795.jpg,0
3796.jpg,0
3797.jpg,0
3798.jpg,0
3799.jpg,0
3800.jpg,0
3801.jpg,0
3802.jpg,0
3803.jpg,0
3804.jpg,0
3805.jpg,0
3806.jpg,0
3807.jpg,0
3808.jpg,0
3809.jpg,0
3810.jpg,0
3811.jpg,0
3812.jpg,0
3813.jpg,0
3814.jpg,0
3815.jpg,0
3816.jpg,0
3817.jpg,0
3818.jpg,0
3819.jpg,0
3820.jpg,0
3821.jpg,0
3822.jpg,0
3823.jpg,0
3824.jpg,0
3825.jpg,0
3826.jpg,0
3827.jpg,0
3828.jpg,0
3829.jpg,0
3830.jpg,0
3831.jpg,0
3832.jpg,0
3833.jpg,0
3834.jpg,0
3835.jpg,0
3836.jpg,0
3837.jpg,0
3838.jpg,0
3839.jpg,0
3840.jpg,0
3841.jpg,0
3842.jpg,0
3843.jpg,0
3844.jpg,0
3845.jpg,0
3846.jpg,0
3847.jpg,0
3848.jpg,0
3849.jpg,0
3850.jpg,0
3851.jpg,0
3852.jpg,0
3853.jpg,0
3854.jpg,0
3855.jpg,0
3856.jpg,0
3857.jpg,0
3858.jpg,0
3859.jpg,0
3860.jpg,0
3861.jpg,0
3862.jpg,0
3863.jpg,0
3864.jpg,0
3865.jpg,0
3866.jpg,0
3867.jpg,0
3868.jpg,0
3869.jpg,0
3870.jpg,0
3871.jpg,0
3872.jpg,0
3873.jpg,0
3874.jpg,0
3875.jpg,0
3876.jpg,0
3877.jpg,0
3878.jpg,0
3879.jpg,0
3880.jpg,0
3881.jpg,0
3882.jpg,0
3883.jpg,0
3884.jpg,0
3885.jpg,0
3886.jpg,0
3887.jpg,0
3888.jpg,0
3889.jpg,0
3890.jpg,0
3891.jpg,0
3892.jpg,0
3893.jpg,0
3894.jpg,0
3895.jpg,0
3896.jpg,0
3897.jpg,0
3898.jpg,0
3899.jpg,0
3900.jpg,0
3901.jpg,0
3902.jpg,0
3903.jpg,0
3904.jpg,0
3905.jpg,0
3906.jpg,0
3907.jpg,0
3908.jpg,0
3909.jpg,0
3910.jpg,0
3911.jpg,0
3912.jpg,0
3913.jpg,0
3914.jpg,0
3915.jpg,0
3916.jpg,0
3917.jpg,0
3918.jpg,2
3919.jpg,2
3920.jpg,2
3921.jpg,0
3922.jpg,0
3923.jpg,0
3924.jpg,0
3925.jpg,0
3926.jpg,2
3927.jpg,2
3928.jpg,2
3929.jpg,2
3930.jpg,2
3931.jpg,0
3932.jpg,0
3933.jpg,0
3934.jpg,0
3935.jpg,0
3936.jpg,0
3937.jpg,0
3938.jpg,2
3939.jpg,2
3940.jpg,2
3941.jpg,2
3942.jpg,2
3943.jpg,2
3944.jpg,2
3945.jpg,2
3946.jpg,2
3947.jpg,0
3948.jpg,0
3949.jpg,0
3950.jpg,2
3951.jpg,2
3952.jpg,0
3953.jpg,0
3954.jpg,0
3955.jpg,0
3956.jpg,2
3957.jpg,2
3958.jpg,0
3959.jpg,0
3960.jpg,0
3961.jpg,0
3962.jpg,0
3963.jpg,2
3964.jpg,2
3965.jpg,2
3966.jpg,2
3967.jpg,2
3968.jpg,2
3969.jpg,2
3970.jpg,2
3971.jpg,2
3972.jpg,2
3973.jpg,2
3974.jpg,2
3975.jpg,2
3976.jpg,0
3977.jpg,2
3978.jpg,2
3979.jpg,2
3980.jpg,2
3981.jpg,0
3982.jpg,0
3983.jpg,0
3984.jpg,0
3985.jpg,0
3986.jpg,0
3987.jpg,0
3988.jpg,0
3989.jpg,0
3990.jpg,0
3991.jpg,0
3992.jpg,2
3993.jpg,2
3994.jpg,0
3995.jpg,0
3996.jpg,0
3997.jpg,0
3998.jpg,0
3999.jpg,0
4000.jpg,0
4001.jpg,0
4002.jpg,0
4003.jpg,0
4004.jpg,0
4005.jpg,0
4006.jpg,0
4007.jpg,0
4008.jpg,0
4009.jpg,0
4010.jpg,0
4011.jpg,0
4012.jpg,2
4013.jpg,2
4014.jpg,2
4015.jpg,0
4016.jpg,0
4017.jpg,0
4018.jpg,0
4019.jpg,0
4020.jpg,0
4021.jpg,0
4022.jpg,0
4023.jpg,0
4024.jpg,0
4025.jpg,0
4026.jpg,0
4027.jpg,0
4028.jpg,0
4029.jpg,0
4030.jpg,0
4031.jpg,0
4032.jpg,0
4033.jpg,0
4034.jpg,0
4035.jpg,0
4036.jpg,0
4037.jpg,0
4038.jpg,0
4039.jpg,0
4040.jpg,0
4041.jpg,0
4042.jpg,0
4043.jpg,0
4044.jpg,0
4045.jpg,0
4046.jpg,0
4047.jpg,0
4048.jpg,0
4049.jpg,3
4050.jpg,3
4051.jpg,0
4052.jpg,3
4053.jpg,3
4054.jpg,3
4055.jpg,3
4056.jpg,3
4057.jpg,3
4058.jpg,3
4059.jpg,3
4060.jpg,3
4061.jpg,3
4062.jpg,3
4063.jpg,3
4064.jpg,3
4065.jpg,3
4066.jpg,3
4067.jpg,3
4068.jpg,3
4069.jpg,3
4070.jpg,0
4071.jpg,0
4072.jpg,3
4073.jpg,3
4074.jpg,3
4075.jpg,3
4076.jpg,3
4077.jpg,0
4078.jpg,0
4079.jpg,0
4080.jpg,0
4081.jpg,3
4082.jpg,3
4083.jpg,3
4084.jpg,3
4085.jpg,0
4086.jpg,0
4087.jpg,0
4088.jpg,0
4089.jpg,0
4090.jpg,0
4091.jpg,3
4092.jpg,3
4093.jpg,3
4094.jpg,0
4095.jpg,0
4096.jpg,0
4097.jpg,0
4098.jpg,0
4099.jpg,0
4100.jpg,0
4101.jpg,0
4102.jpg,0
4103.jpg,1
4104.jpg,1
4105.jpg,1
4106.jpg,1
4107.jpg,0
4108.jpg,0
4109.jpg,0
4110.jpg,0
4111.jpg,0
4112.jpg,1
4113.jpg,1
4114.jpg,1
4115.jpg,1
4116.jpg,1
4117.jpg,1
4118.jpg,1
4119.jpg,1
4120.jpg,1
4121.jpg,1
4122.jpg,1
4123.jpg,1
4124.jpg,1
4125.jpg,1
4126.jpg,1
4127.jpg,0
4128.jpg,1
4129.jpg,1
4130.jpg,1
4131.jpg,0
4132.jpg,0
4133.jpg,0
4134.jpg,0
4135.jpg,0
4136.jpg,0
4137.jpg,0
4138.jpg,0
4139.jpg,1
4140.jpg,1
4141.jpg,1
4142.jpg,1
4143.jpg,1
4144.jpg,0
4145.jpg,1
4146.jpg,1
4147.jpg,1
4148.jpg,1
4149.jpg,0
4150.jpg,0
4151.jpg,0
4152.jpg,0
4153.jpg,1
4154.jpg,1
4155.jpg,0
4156.jpg,0
4157.jpg,0
4158.jpg,0
4159.jpg,1
4160.jpg,1
4161.jpg,1
4162.jpg,1
4163.jpg,0
4164.jpg,1
4165.jpg,1
4166.jpg,1
4167.jpg,1
4168.jpg,0
4169.jpg,0
4170.jpg,1
4171.jpg,1
4172.jpg,1
4173.jpg,0
4174.jpg,0
4175.jpg,0
4176.jpg,0
4177.jpg,0
4178.jpg,0
4179.jpg,0
4180.jpg,0
4181.jpg,0
4182.jpg,1
4183.jpg,1
4184.jpg,1
4185.jpg,1
4186.jpg,1
4187.jpg,0
4188.jpg,0
4189.jpg,0
4190.jpg,0
4191.jpg,0
4192.jpg,0
4193.jpg,0
4194.jpg,0
4195.jpg,0
4196.jpg,0
4197.jpg,0
4198.jpg,0
4199.jpg,0
4200.jpg,1
4201.jpg,1
4202.jpg,1
4203.jpg,0
4204.jpg,0
4205.jpg,0
4206.jpg,1
4207.jpg,1
4208.jpg,0
4209.jpg,0
4210.jpg,0
4211.jpg,0
4212.jpg,0
4213.jpg,0
4214.jpg,0
4215.jpg,0
4216.jpg,1
4217.jpg,1
4218.jpg,1
4219.jpg,1
4220.jpg,1
4221.jpg,1
4222.jpg,1
4223.jpg,1
4224.jpg,1
4225.jpg,1
4226.jpg,1
4227.jpg,0
4228.jpg,0
4229.jpg,0
4230.jpg,0
4231.jpg,0
4232.jpg,0
4233.jpg,0
4234.jpg,0
4235.jpg,0
4236.jpg,0
4237.jpg,0
4238.jpg,0
4239.jpg,0
4240.jpg,0
4241.jpg,0
4242.jpg,0
4243.jpg,0
4244.jpg,0
4245.jpg,0
4246.jpg,0
4247.jpg,0
4248.jpg,1
4249.jpg,1
4250.jpg,1
4251.jpg,1
4252.jpg,1
4253.jpg,0
4254.jpg,0
4255.jpg,1
4256.jpg,1
4257.jpg,1
4258.jpg,0
4259.jpg,1
4260.jpg,1
4261.jpg,1
4262.jpg,1
4263.jpg,1
4264.jpg,0
4265.jpg,0
4266.jpg,0
4267.jpg,1
4268.jpg,1
4269.jpg,1
4270.jpg,1
4271.jpg,1
4272.jpg,1
4273.jpg,1
4274.jpg,1
4275.jpg,1
4276.jpg,0
4277.jpg,1
4278.jpg,1
4279.jpg,1
4280.jpg,1
4281.jpg,1
4282.jpg,1
4283.jpg,1
4284.jpg,0
4285.jpg,0
4286.jpg,0
4287.jpg,0
4288.jpg,1
4289.jpg,1
4290.jpg,1
4291.jpg,0
4292.jpg,0
4293.jpg,0
4294.jpg,0
4295.jpg,0
4296.jpg,0
4297.jpg,0
4298.jpg,0
4299.jpg,0
4300.jpg,0
4301.jpg,1
4302.jpg,1
4303.jpg,1
4304.jpg,1
4305.jpg,1
4306.jpg,0
4307.jpg,0
4308.jpg,0
4309.jpg,0
4310.jpg,0
4311.jpg,0
4312.jpg,1
4313.jpg,1
4314.jpg,0
4315.jpg,1
4316.jpg,1
4317.jpg,1
4318.jpg,1
4319.jpg,1
4320.jpg,0
4321.jpg,1
4322.jpg,1
4323.jpg,0
4324.jpg,0
4325.jpg,1
4326.jpg,1
4327.jpg,1
4328.jpg,1
4329.jpg,0
4330.jpg,0
4331.jpg,0
4332.jpg,0
4333.jpg,0
4334.jpg,0
4335.jpg,0
4336.jpg,0
4337.jpg,0
4338.jpg,0
4339.jpg,0
4340.jpg,0
4341.jpg,0
4342.jpg,0
4343.jpg,0
4344.jpg,0
4345.jpg,0
4346.jpg,0
4347.jpg,0
4348.jpg,0
4349.jpg,0
4350.jpg,0
4351.jpg,0
4352.jpg,1
4353.jpg,1
4354.jpg,0
4355.jpg,0
4356.jpg,1
4357.jpg,1
4358.jpg,1
4359.jpg,1
4360.jpg,1
4361.jpg,0
4362.jpg,1
4363.jpg,1
4364.jpg,1
4365.jpg,1
4366.jpg,0
4367.jpg,0
4368.jpg,0
4369.jpg,0
4370.jpg,0
4371.jpg,0
4372.jpg,0
4373.jpg,0
4374.jpg,0
4375.jpg,0
4376.jpg,0
4377.jpg,0
4378.jpg,0
4379.jpg,0
4380.jpg,0
4381.jpg,0
4382.jpg,1
4383.jpg,1
4384.jpg,0
4385.jpg,0
4386.jpg,0
4387.jpg,1
4388.jpg,1
4389.jpg,1
4390.jpg,1
4391.jpg,0
4392.jpg,0
4393.jpg,0
4394.jpg,0
4395.jpg,0
4396.jpg,0
4397.jpg,0
4398.jpg,0
4399.jpg,0
4400.jpg,0
4401.jpg,0
4402.jpg,0
4403.jpg,0
4404.jpg,0
4405.jpg,0
4406.jpg,0
4407.jpg,0
4408.jpg,0
4409.jpg,0
4410.jpg,0
4411.jpg,0
4412.jpg,0
4413.jpg,0
4414.jpg,0
4415.jpg,0
4416.jpg,0
4417.jpg,0
4418.jpg,0
4419.jpg,0
4420.jpg,0
4421.jpg,0
4422.jpg,0
4423.jpg,0
4424.jpg,0
4425.jpg,0
4426.jpg,0
4427.jpg,0
4428.jpg,0
4429.jpg,0
4430.jpg,0
4431.jpg,0
4432.jpg,0
4433.jpg,0
4434.jpg,0
4435.jpg,0
4436.jpg,0
4437.jpg,0
4438.jpg,0
4439.jpg,0
4440.jpg,0
4441.jpg,0
4442.jpg,0
4443.jpg,0
4444.jpg,0
4445.jpg,0
4446.jpg,0
4447.jpg,0
4448.jpg,0
4449.jpg,0
4450.jpg,0
4451.jpg,0
4452.jpg,0
4453.jpg,0
4454.jpg,0
4455.jpg,0
4456.jpg,0
4457.jpg,0
4458.jpg,0
4459.jpg,0
4460.jpg,0
4461.jpg,0
4462.jpg,0
4463.jpg,0
4464.jpg,0
4465.jpg,0
4466.jpg,0
4467.jpg,0
4468.jpg,0
4469.jpg,0
4470.jpg,0
4471.jpg,0
4472.jpg,0
4473.jpg,0
4474.jpg,0
4475.jpg,0
4476.jpg,0
4477.jpg,0
4478.jpg,0
4479.jpg,0
4480.jpg,0
4481.jpg,0
4482.jpg,0
4483.jpg,0
4484.jpg,0
4485.jpg,0
4486.jpg,0
4487.jpg,1
4488.jpg,1
4489.jpg,1
4490.jpg,1
4491.jpg,1
4492.jpg,0
4493.jpg,0
4494.jpg,0
4495.jpg,0
4496.jpg,0
4497.jpg,0
4498.jpg,0
4499.jpg,0
4500.jpg,0
4501.jpg,0
4502.jpg,0
4503.jpg,0
4504.jpg,0
4505.jpg,0
4506.jpg,0
4507.jpg,0
4508.jpg,0
4509.jpg,0
4510.jpg,0
4511.jpg,0
4512.jpg,0
4513.jpg,0
4514.jpg,0
4515.jpg,0
4516.jpg,0
4517.jpg,0
4518.jpg,0
4519.jpg,0
4520.jpg,0
4521.jpg,0
4522.jpg,0
4523.jpg,0
4524.jpg,0
4525.jpg,0
4526.jpg,0
4527.jpg,0
4528.jpg,0
4529.jpg,0
4530.jpg,0
4531.jpg,0
4532.jpg,0
4533.jpg,0
4534.jpg,0
4535.jpg,0
4536.jpg,0
4537.jpg,0
4538.jpg,0
4539.jpg,0
4540.jpg,0
4541.jpg,0
4542.jpg,0
4543.jpg,0
4544.jpg,0
4545.jpg,0
4546.jpg,0
4547.jpg,0
4548.jpg,0
4549.jpg,0
4550.jpg,0
4551.jpg,0
4552.jpg,0
4553.jpg,0
4554.jpg,0
4555.jpg,0
4556.jpg,0
4557.jpg,0
4558.jpg,0
4559.jpg,0
4560.jpg,0
4561.jpg,0
4562.jpg,0
4563.jpg,0
4564.jpg,0
4565.jpg,0
4566.jpg,0
4567.jpg,0
4568.jpg,0
4569.jpg,0
4570.jpg,0
4571.jpg,0
4572.jpg,0
4573.jpg,1
4574.jpg,1
4575.jpg,1
4576.jpg,1
4577.jpg,1
4578.jpg,1
4579.jpg,1
4580.jpg,1
4581.jpg,0
4582.jpg,0
4583.jpg,0
4584.jpg,0
4585.jpg,0
4586.jpg,0
4587.jpg,0
4588.jpg,0
4589.jpg,0
4590.jpg,0
4591.jpg,0
4592.jpg,0
4593.jpg,0
4594.jpg,0
4595.jpg,0
4596.jpg,0
4597.jpg,0
4598.jpg,0
4599.jpg,0
4600.jpg,0
4601.jpg,0
4602.jpg,0
4603.jpg,0
4604.jpg,0
4605.jpg,4
4606.jpg,4
4607.jpg,4
4608.jpg,4
4609.jpg,4
4610.jpg,4
4611.jpg,4
4612.jpg,4
4613.jpg,4
4614.jpg,4
4615.jpg,4
4616.jpg,4
4617.jpg,4
4618.jpg,4
4619.jpg,4
4620.jpg,4
4621.jpg,4
4622.jpg,4
4623.jpg,4
4624.jpg,4
4625.jpg,4
4626.jpg,4
4627.jpg,4
4628.jpg,4
4629.jpg,4
4630.jpg,4
4631.jpg,4
4632.jpg,4
4633.jpg,4
4634.jpg,4
4635.jpg,4
4636.jpg,4
4637.jpg,4
4638.jpg,4
4639.jpg,4
4640.jpg,4
4641.jpg,4
4642.jpg,4
4643.jpg,4
4644.jpg,4
4645.jpg,4
4646.jpg,4
4647.jpg,4
4648.jpg,4
4649.jpg,0
4650.jpg,4
4651.jpg,4
4652.jpg,4
4653.jpg,4
4654.jpg,4
4655.jpg,4
4656.jpg,4
4657.jpg,4
4658.jpg,4
4659.jpg,4
4660.jpg,4
4661.jpg,4
4662.jpg,4
4663.jpg,4
4664.jpg,4
4665.jpg,0
4666.jpg,0
4667.jpg,0
4668.jpg,0
4669.jpg,0
4670.jpg,0
4671.jpg,0
4672.jpg,0
4673.jpg,0
4674.jpg,0
4675.jpg,0
4676.jpg,0
4677.jpg,0
4678.jpg,0
4679.jpg,0
4680.jpg,0
4681.jpg,0
4682.jpg,0
4683.jpg,0
4684.jpg,0
4685.jpg,0
4686.jpg,0
4687.jpg,0
4688.jpg,0
4689.jpg,0
4690.jpg,0
4691.jpg,0
4692.jpg,0
4693.jpg,0
4694.jpg,0
4695.jpg,0
4696.jpg,0
4697.jpg,0
4698.jpg,0
4699.jpg,0
4700.jpg,0
4701.jpg,0
4702.jpg,0
4703.jpg,0
4704.jpg,0
4705.jpg,0
4706.jpg,0
4707.jpg,0
4708.jpg,0
4709.jpg,0
4710.jpg,0
4711.jpg,0
4712.jpg,0
4713.jpg,0
4714.jpg,0
4715.jpg,0
4716.jpg,0
4717.jpg,0
4718.jpg,0
4719.jpg,0
4720.jpg,0
4721.jpg,0
4722.jpg,0
4723.jpg,0
4724.jpg,0
4725.jpg,0
4726.jpg,0
4727.jpg,0
4728.jpg,0
4729.jpg,0
4730.jpg,0
4731.jpg,0
4732.jpg,0
4733.jpg,0
4734.jpg,0
4735.jpg,0
4736.jpg,0
4737.jpg,0
4738.jpg,0
4739.jpg,0
4740.jpg,0
4741.jpg,0
4742.jpg,0
4743.jpg,0
4744.jpg,0
4745.jpg,0
4746.jpg,0
4747.jpg,0
4748.jpg,0
4749.jpg,0
4750.jpg,0
4751.jpg,0
4752.jpg,0
4753.jpg,0
4754.jpg,0
4755.jpg,0
4756.jpg,0
4757.jpg,0
4758.jpg,0
4759.jpg,0
4760.jpg,0
4761.jpg,0
4762.jpg,0
4763.jpg,0
4764.jpg,0
4765.jpg,0
4766.jpg,0
4767.jpg,0
4768.jpg,0
4769.jpg,0
4770.jpg,0
4771.jpg,0
4772.jpg,0
4773.jpg,0
4774.jpg,0
4775.jpg,0
4776.jpg,0
4777.jpg,0
4778.jpg,0
4779.jpg,0
4780.jpg,0
4781.jpg,0
4782.jpg,0
4783.jpg,0
4784.jpg,0
4785.jpg,0
4786.jpg,0
4787.jpg,0
4788.jpg,0
4789.jpg,0
4790.jpg,0
4791.jpg,0
4792.jpg,0
4793.jpg,0
4794.jpg,0
4795.jpg,0
4796.jpg,0
4797.jpg,0
4798.jpg,0
4799.jpg,0
4800.jpg,0
4801.jpg,0
4802.jpg,0
4803.jpg,0
4804.jpg,0
4805.jpg,0
4806.jpg,0
4807.jpg,0
4808.jpg,0
4809.jpg,0
4810.jpg,0
4811.jpg,0
4812.jpg,0
4813.jpg,0
4814.jpg,0
4815.jpg,0
4816.jpg,0
4817.jpg,0
4818.jpg,0
4819.jpg,0
4820.jpg,0
4821.jpg,0
4822.jpg,0
4823.jpg,0
4824.jpg,0
4825.jpg,0
4826.jpg,0
4827.jpg,0
4828.jpg,0
4829.jpg,0
4830.jpg,0
4831.jpg,0
4832.jpg,0
4833.jpg,0
4834.jpg,0
4835.jpg,0
4836.jpg,0
4837.jpg,0
4838.jpg,0
4839.jpg,0
4840.jpg,0
4841.jpg,0
4842.jpg,0
4843.jpg,0
4844.jpg,0
4845.jpg,0
4846.jpg,0
4847.jpg,0
4848.jpg,0
4849.jpg,0
4850.jpg,0
4851.jpg,1
4852.jpg,1
4853.jpg,1
4854.jpg,1
4855.jpg,0
4856.jpg,0
4857.jpg,0
4858.jpg,0
4859.jpg,0
4860.jpg,1
4861.jpg,0
4862.jpg,0
4863.jpg,0
4864.jpg,0
4865.jpg,0
4866.jpg,0
4867.jpg,0
4868.jpg,0
4869.jpg,0
4870.jpg,0
4871.jpg,0
4872.jpg,1
4873.jpg,1
4874.jpg,1
4875.jpg,0
4876.jpg,1
4877.jpg,1
4878.jpg,1
4879.jpg,1
4880.jpg,1
4881.jpg,1
4882.jpg,1
4883.jpg,1
4884.jpg,1
4885.jpg,1
4886.jpg,1
4887.jpg,1
4888.jpg,1
4889.jpg,1
4890.jpg,1
4891.jpg,1
4892.jpg,0
4893.jpg,1
4894.jpg,1
4895.jpg,0
4896.jpg,0
4897.jpg,0
4898.jpg,0
4899.jpg,0
4900.jpg,0
4901.jpg,0
4902.jpg,0
4903.jpg,0
4904.jpg,0
4905.jpg,0
4906.jpg,0
4907.jpg,0
4908.jpg,0
4909.jpg,0
4910.jpg,0
4911.jpg,0
4912.jpg,0
4913.jpg,0
4914.jpg,0
4915.jpg,0
4916.jpg,0
4917.jpg,0
4918.jpg,0
4919.jpg,0
4920.jpg,0
4921.jpg,0
4922.jpg,0
4923.jpg,0
4924.jpg,0
4925.jpg,0
4926.jpg,0
4927.jpg,0
4928.jpg,0
4929.jpg,0
4930.jpg,0
4931.jpg,0
4932.jpg,0
4933.jpg,0
4934.jpg,1
4935.jpg,1
4936.jpg,1
4937.jpg,1
4938.jpg,0
4939.jpg,0
4940.jpg,0
4941.jpg,0
4942.jpg,0
4943.jpg,0
4944.jpg,0
4945.jpg,0
4946.jpg,0
4947.jpg,0
4948.jpg,0
4949.jpg,0
4950.jpg,0
4951.jpg,0
4952.jpg,0
4953.jpg,0
4954.jpg,0
4955.jpg,0
4956.jpg,0
4957.jpg,0
4958.jpg,0
4959.jpg,0
4960.jpg,0
4961.jpg,0
4962.jpg,0
4963.jpg,0
4964.jpg,0
4965.jpg,0
4966.jpg,0
4967.jpg,0
4968.jpg,0
4969.jpg,0
4970.jpg,0
4971.jpg,0
4972.jpg,0
4973.jpg,0
4974.jpg,0
4975.jpg,0
4976.jpg,0
4977.jpg,0
4978.jpg,0
4979.jpg,0
4980.jpg,0
4981.jpg,2
4982.jpg,2
4983.jpg,2
4984.jpg,2
4985.jpg,2
4986.jpg,0
4987.jpg,0
4988.jpg,0
4989.jpg,0
4990.jpg,0
4991.jpg,0
4992.jpg,0
4993.jpg,0
4994.jpg,0
4995.jpg,0
4996.jpg,0
4997.jpg,1
4998.jpg,1
4999.jpg,1
5000.jpg,0
5001.jpg,0
5002.jpg,1
5003.jpg,1
5004.jpg,1
5005.jpg,1
5006.jpg,0
5007.jpg,0
5008.jpg,0
5009.jpg,0
5010.jpg,0
5011.jpg,0
5012.jpg,0
5013.jpg,0
5014.jpg,0
5015.jpg,1
5016.jpg,1
5017.jpg,1
5018.jpg,1
5019.jpg,0
5020.jpg,0
5021.jpg,0
5022.jpg,0
5023.jpg,1
5024.jpg,1
5025.jpg,1
5026.jpg,1
5027.jpg,0
5028.jpg,0
5029.jpg,0
5030.jpg,0
5031.jpg,0
5032.jpg,0
5033.jpg,1
5034.jpg,1
5035.jpg,1
5036.jpg,1
5037.jpg,1
5038.jpg,1
5039.jpg,0
5040.jpg,0
5041.jpg,0
5042.jpg,0
5043.jpg,0
5044.jpg,0
5045.jpg,0
5046.jpg,0
5047.jpg,0
5048.jpg,0
5049.jpg,0
5050.jpg,0
5051.jpg,0
5052.jpg,0
5053.jpg,0
5054.jpg,0
5055.jpg,0
5056.jpg,0
5057.jpg,0
5058.jpg,0
5059.jpg,0
5060.jpg,0
5061.jpg,0
5062.jpg,1
5063.jpg,1
5064.jpg,1
5065.jpg,1
5066.jpg,1
5067.jpg,0
5068.jpg,0
5069.jpg,0
5070.jpg,1
5071.jpg,1
5072.jpg,0
5073.jpg,0
5074.jpg,0
5075.jpg,0
5076.jpg,1
5077.jpg,1
5078.jpg,1
5079.jpg,1
5080.jpg,0
5081.jpg,0
5082.jpg,0
5083.jpg,0
5084.jpg,0
5085.jpg,0
5086.jpg,1
5087.jpg,1
5088.jpg,1
5089.jpg,0
5090.jpg,0
5091.jpg,1
5092.jpg,1
5093.jpg,1
5094.jpg,1
5095.jpg,0
5096.jpg,1
5097.jpg,1
5098.jpg,1
5099.jpg,1
5100.jpg,1
5101.jpg,1
5102.jpg,1
5103.jpg,1
5104.jpg,1
5105.jpg,1
5106.jpg,1
5107.jpg,1
5108.jpg,1
5109.jpg,1
5110.jpg,1
5111.jpg,1
5112.jpg,1
5113.jpg,1
5114.jpg,1
5115.jpg,1
5116.jpg,1
5117.jpg,1
5118.jpg,1
5119.jpg,0
5120.jpg,0
5121.jpg,1
5122.jpg,1
5123.jpg,1
5124.jpg,1
5125.jpg,0
5126.jpg,0
5127.jpg,0
5128.jpg,1
5129.jpg,1
5130.jpg,1
5131.jpg,1
5132.jpg,1
5133.jpg,1
5134.jpg,1
5135.jpg,1
5136.jpg,1
5137.jpg,1
5138.jpg,1
5139.jpg,0
5140.jpg,0
5141.jpg,0
5142.jpg,1
5143.jpg,1
5144.jpg,0
5145.jpg,1
5146.jpg,1
5147.jpg,1
5148.jpg,0
5149.jpg,0
5150.jpg,1
5151.jpg,1
5152.jpg,1
5153.jpg,1
5154.jpg,0
5155.jpg,0
5156.jpg,0
5157.jpg,1
5158.jpg,1
5159.jpg,1
5160.jpg,1
5161.jpg,0
5162.jpg,0
5163.jpg,0
5164.jpg,0
5165.jpg,0
5166.jpg,0
5167.jpg,0
5168.jpg,1
5169.jpg,1
5170.jpg,1
5171.jpg,1
5172.jpg,0
5173.jpg,0
5174.jpg,0
5175.jpg,1
5176.jpg,1
5177.jpg,1
5178.jpg,1
5179.jpg,1
5180.jpg,1
5181.jpg,1
5182.jpg,1
5183.jpg,1
5184.jpg,1
5185.jpg,1
5186.jpg,1
5187.jpg,1
5188.jpg,1
5189.jpg,0
5190.jpg,1
5191.jpg,1
5192.jpg,1
5193.jpg,1
5194.jpg,1
5195.jpg,1
5196.jpg,1
5197.jpg,1
5198.jpg,1
5199.jpg,1
5200.jpg,1
5201.jpg,0
5202.jpg,0
5203.jpg,1
5204.jpg,1
5205.jpg,1
5206.jpg,1
5207.jpg,1
5208.jpg,1
5209.jpg,1
5210.jpg,1
5211.jpg,1
5212.jpg,1
5213.jpg,1
5214.jpg,1
5215.jpg,0
5216.jpg,1
5217.jpg,1
5218.jpg,1
5219.jpg,1
5220.jpg,1
5221.jpg,1
5222.jpg,1
5223.jpg,1
5224.jpg,1
5225.jpg,1
5226.jpg,1
5227.jpg,1
5228.jpg,1
5229.jpg,1
5230.jpg,1
5231.jpg,1
5232.jpg,1
5233.jpg,1
5234.jpg,1
5235.jpg,1
5236.jpg,1
5237.jpg,1
5238.jpg,1
5239.jpg,1
5240.jpg,1
5241.jpg,1
5242.jpg,1
5243.jpg,1
5244.jpg,1
5245.jpg,1
5246.jpg,1
5247.jpg,1
5248.jpg,1
5249.jpg,1
5250.jpg,0
5251.jpg,1
5252.jpg,1
5253.jpg,1
5254.jpg,0
5255.jpg,0
5256.jpg,1
5257.jpg,1
5258.jpg,1
5259.jpg,1
5260.jpg,1
5261.jpg,1
5262.jpg,1
5263.jpg,1
5264.jpg,1
5265.jpg,1
5266.jpg,1
5267.jpg,1
5268.jpg,1
5269.jpg,1
5270.jpg,1
5271.jpg,1
5272.jpg,1
5273.jpg,1
5274.jpg,1
5275.jpg,0
5276.jpg,0
5277.jpg,1
5278.jpg,1
5279.jpg,1
5280.jpg,1
5281.jpg,1
5282.jpg,1
5283.jpg,1
5284.jpg,1
5285.jpg,1
5286.jpg,1
5287.jpg,1
5288.jpg,1
5289.jpg,1
5290.jpg,1
5291.jpg,0
5292.jpg,0
5293.jpg,0
5294.jpg,1
5295.jpg,1
5296.jpg,1
5297.jpg,1
5298.jpg,1
5299.jpg,0
5300.jpg,0
5301.jpg,0
5302.jpg,0
5303.jpg,1
5304.jpg,1
5305.jpg,1
5306.jpg,1
5307.jpg,1
5308.jpg,1
5309.jpg,1
5310.jpg,1
5311.jpg,1
5312.jpg,1
5313.jpg,1
5314.jpg,1
5315.jpg,1
5316.jpg,1
5317.jpg,1
5318.jpg,1
5319.jpg,1
5320.jpg,1
5321.jpg,1
5322.jpg,1
5323.jpg,1
5324.jpg,1
5325.jpg,1
5326.jpg,1
5327.jpg,0
5328.jpg,0
5329.jpg,0
5330.jpg,0
5331.jpg,0
5332.jpg,0
5333.jpg,0
5334.jpg,0
5335.jpg,0
5336.jpg,0
5337.jpg,0
5338.jpg,0
5339.jpg,0
5340.jpg,0
5341.jpg,0
5342.jpg,0
5343.jpg,0
5344.jpg,0
5345.jpg,0
5346.jpg,0
5347.jpg,0
5348.jpg,0
5349.jpg,0
5350.jpg,0
5351.jpg,0
5352.jpg,0
5353.jpg,0
5354.jpg,0
5355.jpg,0
5356.jpg,0
5357.jpg,0
5358.jpg,0
5359.jpg,0
5360.jpg,0
5361.jpg,0
5362.jpg,0
5363.jpg,0
5364.jpg,0
5365.jpg,0
5366.jpg,0
5367.jpg,0
5368.jpg,0
5369.jpg,0
5370.jpg,0
5371.jpg,0
5372.jpg,0
5373.jpg,0
5374.jpg,0
5375.jpg,0
5376.jpg,0
5377.jpg,0
5378.jpg,0
5379.jpg,0
5380.jpg,0
5381.jpg,0
5382.jpg,0
5383.jpg,0
5384.jpg,0
5385.jpg,0
5386.jpg,0
5387.jpg,0
5388.jpg,0
5389.jpg,0
5390.jpg,0
5391.jpg,0
5392.jpg,0
5393.jpg,0
5394.jpg,1
5395.jpg,1
5396.jpg,1
5397.jpg,1
5398.jpg,1
5399.jpg,0
5400.jpg,0
5401.jpg,1
5402.jpg,1
5403.jpg,0
5404.jpg,0
5405.jpg,0
5406.jpg,0
5407.jpg,0
5408.jpg,0
5409.jpg,0
5410.jpg,0
5411.jpg,0
5412.jpg,0
5413.jpg,0
5414.jpg,0
5415.jpg,0
5416.jpg,0
5417.jpg,0
5418.jpg,0
5419.jpg,0
5420.jpg,0
5421.jpg,0
5422.jpg,0
5423.jpg,0
5424.jpg,0
5425.jpg,0
5426.jpg,0
5427.jpg,0
5428.jpg,0
5429.jpg,0
5430.jpg,0
5431.jpg,0
5432.jpg,0
5433.jpg,0
5434.jpg,0
5435.jpg,0
5436.jpg,0
5437.jpg,0
5438.jpg,0
5439.jpg,0
5440.jpg,0
5441.jpg,0
5442.jpg,0
5443.jpg,0
5444.jpg,0
5445.jpg,0
5446.jpg,0
5447.jpg,0
5448.jpg,0
5449.jpg,0
5450.jpg,0
5451.jpg,0
5452.jpg,0
5453.jpg,0
5454.jpg,0
5455.jpg,0
5456.jpg,0
5457.jpg,0
5458.jpg,0
5459.jpg,0
5460.jpg,0
5461.jpg,0
5462.jpg,0
5463.jpg,0
5464.jpg,0
5465.jpg,0
5466.jpg,0
5467.jpg,0
5468.jpg,0
5469.jpg,0
5470.jpg,0
5471.jpg,0
5472.jpg,0
5473.jpg,0
5474.jpg,0
5475.jpg,0
5476.jpg,0
5477.jpg,0
5478.jpg,0
5479.jpg,0
5480.jpg,0
5481.jpg,0
5482.jpg,0
5483.jpg,0
5484.jpg,0
5485.jpg,0
5486.jpg,0
5487.jpg,0
5488.jpg,0
5489.jpg,0
5490.jpg,0
5491.jpg,0
5492.jpg,0
5493.jpg,0
5494.jpg,0
5495.jpg,0
5496.jpg,0
5497.jpg,0
5498.jpg,0
5499.jpg,0
5500.jpg,0
5501.jpg,0
5502.jpg,0
5503.jpg,0
5504.jpg,0
5505.jpg,0
5506.jpg,0
5507.jpg,0
5508.jpg,0
5509.jpg,1
5510.jpg,1
5511.jpg,1
5512.jpg,1
5513.jpg,0
5514.jpg,0
5515.jpg,0
5516.jpg,0
5517.jpg,1
5518.jpg,1
5519.jpg,0
5520.jpg,0
5521.jpg,0
5522.jpg,0
5523.jpg,0
5524.jpg,0
5525.jpg,0
5526.jpg,0
5527.jpg,1
5528.jpg,1
5529.jpg,0
5530.jpg,0
5531.jpg,0
5532.jpg,1
5533.jpg,1
5534.jpg,1
5535.jpg,1
5536.jpg,1
5537.jpg,0
5538.jpg,0
5539.jpg,0
5540.jpg,0
5541.jpg,0
5542.jpg,0
5543.jpg,0
5544.jpg,0
5545.jpg,0
5546.jpg,0
5547.jpg,0
5548.jpg,0
5549.jpg,1
5550.jpg,1
5551.jpg,1
5552.jpg,1
5553.jpg,0
5554.jpg,0
5555.jpg,0
5556.jpg,1
5557.jpg,1
5558.jpg,1
5559.jpg,0
5560.jpg,1
5561.jpg,1
5562.jpg,1
5563.jpg,1
5564.jpg,0
5565.jpg,0
5566.jpg,0
5567.jpg,0
5568.jpg,1
5569.jpg,1
5570.jpg,1
5571.jpg,1
5572.jpg,1
5573.jpg,1
5574.jpg,1
5575.jpg,1
5576.jpg,0
5577.jpg,0
5578.jpg,0
5579.jpg,0
5580.jpg,0
5581.jpg,0
5582.jpg,0
5583.jpg,0
5584.jpg,0
5585.jpg,0
5586.jpg,0
5587.jpg,0
5588.jpg,0
5589.jpg,0
5590.jpg,0
5591.jpg,0
5592.jpg,0
5593.jpg,0
5594.jpg,0
5595.jpg,0
5596.jpg,0
5597.jpg,0
5598.jpg,0
5599.jpg,0
5600.jpg,0
5601.jpg,0
5602.jpg,1
5603.jpg,1
5604.jpg,1
5605.jpg,1
5606.jpg,1
5607.jpg,0
5608.jpg,0
5609.jpg,0
5610.jpg,0
5611.jpg,0
5612.jpg,0
5613.jpg,1
5614.jpg,1
5615.jpg,0
5616.jpg,1
5617.jpg,1
5618.jpg,1
5619.jpg,1
5620.jpg,1
5621.jpg,0
5622.jpg,0
5623.jpg,0
5624.jpg,0
5625.jpg,0
5626.jpg,0
5627.jpg,0
5628.jpg,0
5629.jpg,0
5630.jpg,0
5631.jpg,0
5632.jpg,0
5633.jpg,0
5634.jpg,0
5635.jpg,0
5636.jpg,0
5637.jpg,1
5638.jpg,1
5639.jpg,1
5640.jpg,0
5641.jpg,0
5642.jpg,0
5643.jpg,0
5644.jpg,0
5645.jpg,0
5646.jpg,0
5647.jpg,0
5648.jpg,0
5649.jpg,0
5650.jpg,0
5651.jpg,0
5652.jpg,0
5653.jpg,0
5654.jpg,0
5655.jpg,1
5656.jpg,1
5657.jpg,1
5658.jpg,0
5659.jpg,0
5660.jpg,0
5661.jpg,0
5662.jpg,0
5663.jpg,1
5664.jpg,1
5665.jpg,1
5666.jpg,1
5667.jpg,1
5668.jpg,1
5669.jpg,1
5670.jpg,1
5671.jpg,0
5672.jpg,0
5673.jpg,0
5674.jpg,0
5675.jpg,0
5676.jpg,0
5677.jpg,0
5678.jpg,0
5679.jpg,0
5680.jpg,0
5681.jpg,0
5682.jpg,0
5683.jpg,0
5684.jpg,0
5685.jpg,0
5686.jpg,0
5687.jpg,0
5688.jpg,0
5689.jpg,0
5690.jpg,0
5691.jpg,0
5692.jpg,0
5693.jpg,1
5694.jpg,1
5695.jpg,1
5696.jpg,1
5697.jpg,0
5698.jpg,0
5699.jpg,0
5700.jpg,0
5701.jpg,0
5702.jpg,0
5703.jpg,0
5704.jpg,1
5705.jpg,1
5706.jpg,1
5707.jpg,1
5708.jpg,0
5709.jpg,0
5710.jpg,0
5711.jpg,0
5712.jpg,0
5713.jpg,0
5714.jpg,0
5715.jpg,0
5716.jpg,0
5717.jpg,1
5718.jpg,1
5719.jpg,1
5720.jpg,1
5721.jpg,1
5722.jpg,1
5723.jpg,0
5724.jpg,0
5725.jpg,0
5726.jpg,0
5727.jpg,1
5728.jpg,1
5729.jpg,1
5730.jpg,1
5731.jpg,1
5732.jpg,1
5733.jpg,1
5734.jpg,1
5735.jpg,1
5736.jpg,1
5737.jpg,1
5738.jpg,1
5739.jpg,1
5740.jpg,1
5741.jpg,1
5742.jpg,1
5743.jpg,1
5744.jpg,1
5745.jpg,0
5746.jpg,0
5747.jpg,0
5748.jpg,0
5749.jpg,0
5750.jpg,0
5751.jpg,0
5752.jpg,0
5753.jpg,0
5754.jpg,0
5755.jpg,0
5756.jpg,0
5757.jpg,0
5758.jpg,0
5759.jpg,0
5760.jpg,0
5761.jpg,0
5762.jpg,0
5763.jpg,0
5764.jpg,0
5765.jpg,0
5766.jpg,0
5767.jpg,0
5768.jpg,0
5769.jpg,0
5770.jpg,0
5771.jpg,0
5772.jpg,0
5773.jpg,0
5774.jpg,0
5775.jpg,0
5776.jpg,0
5777.jpg,0
5778.jpg,0
5779.jpg,0
5780.jpg,0
5781.jpg,0
5782.jpg,0
5783.jpg,0
5784.jpg,0
5785.jpg,0
5786.jpg,0
5787.jpg,0
5788.jpg,0
5789.jpg,0
5790.jpg,0
5791.jpg,0
5792.jpg,0
5793.jpg,0
5794.jpg,0
5795.jpg,0
5796.jpg,0
5797.jpg,0
5798.jpg,0
5799.jpg,0
5800.jpg,0
5801.jpg,0
5802.jpg,0
5803.jpg,0
5804.jpg,0
5805.jpg,0
5806.jpg,0
5807.jpg,0
5808.jpg,0
5809.jpg,0
5810.jpg,0
5811.jpg,0
5812.jpg,0
5813.jpg,0
5814.jpg,0
5815.jpg,0
5816.jpg,0
5817.jpg,0
5818.jpg,0
5819.jpg,0
5820.jpg,0
5821.jpg,0
5822.jpg,0
5823.jpg,0
5824.jpg,0
5825.jpg,0
5826.jpg,0
5827.jpg,0
5828.jpg,0
5829.jpg,0
5830.jpg,0
5831.jpg,0
5832.jpg,0
5833.jpg,0
5834.jpg,0
5835.jpg,0
5836.jpg,0
5837.jpg,0
5838.jpg,0
5839.jpg,0
5840.jpg,0
5841.jpg,0
5842.jpg,0
5843.jpg,0
5844.jpg,0
5845.jpg,0
5846.jpg,0
5847.jpg,0
5848.jpg,0
5849.jpg,0
5850.jpg,0
5851.jpg,0
5852.jpg,0
5853.jpg,0
5854.jpg,0
5855.jpg,0
5856.jpg,0
5857.jpg,0
5858.jpg,0
5859.jpg,0
5860.jpg,0
5861.jpg,0
5862.jpg,0
5863.jpg,0
5864.jpg,0
5865.jpg,0
5866.jpg,0
5867.jpg,0
5868.jpg,0
5869.jpg,0
5870.jpg,0
5871.jpg,0
5872.jpg,0
5873.jpg,0
5874.jpg,0
5875.jpg,0
5876.jpg,0
5877.jpg,0
5878.jpg,0
5879.jpg,0
5880.jpg,0
5881.jpg,0
5882.jpg,0
5883.jpg,0
5884.jpg,0
5885.jpg,0
5886.jpg,0
5887.jpg,0
5888.jpg,0
5889.jpg,0
5890.jpg,0
5891.jpg,0
5892.jpg,0
5893.jpg,0
5894.jpg,0
5895.jpg,0
5896.jpg,0
5897.jpg,0
5898.jpg,0
5899.jpg,0
5900.jpg,0
5901.jpg,0
5902.jpg,1
5903.jpg,1
5904.jpg,1
5905.jpg,1
5906.jpg,0
5907.jpg,0
5908.jpg,0
5909.jpg,0
5910.jpg,0
5911.jpg,0
5912.jpg,0
5913.jpg,0
5914.jpg,0
5915.jpg,0
5916.jpg,0
5917.jpg,0
5918.jpg,0
5919.jpg,0
5920.jpg,0
5921.jpg,0
5922.jpg,0
5923.jpg,0
5924.jpg,0
5925.jpg,0
5926.jpg,0
5927.jpg,0
5928.jpg,0
5929.jpg,0
5930.jpg,0
5931.jpg,0
5932.jpg,0
5933.jpg,0
5934.jpg,0
5935.jpg,0
5936.jpg,0
5937.jpg,0
5938.jpg,0
5939.jpg,0
5940.jpg,0
5941.jpg,0
5942.jpg,0
5943.jpg,0
5944.jpg,0
5945.jpg,0
5946.jpg,0
5947.jpg,0
5948.jpg,0
5949.jpg,0
5950.jpg,0
5951.jpg,0
5952.jpg,0
5953.jpg,0
5954.jpg,0
5955.jpg,0
5956.jpg,0
5957.jpg,0
5958.jpg,0
5959.jpg,0
5960.jpg,0
5961.jpg,0
5962.jpg,0
5963.jpg,0
5964.jpg,0
5965.jpg,0
5966.jpg,0
5967.jpg,0
5968.jpg,0
5969.jpg,0
5970.jpg,0
5971.jpg,0
5972.jpg,0
5973.jpg,0
5974.jpg,0
5975.jpg,0
5976.jpg,0
5977.jpg,0
5978.jpg,0
5979.jpg,0
5980.jpg,0
5981.jpg,0
5982.jpg,0
5983.jpg,0
5984.jpg,0
5985.jpg,0
5986.jpg,0
5987.jpg,0
5988.jpg,0
5989.jpg,0
5990.jpg,0
5991.jpg,0
5992.jpg,0
5993.jpg,0
5994.jpg,0
5995.jpg,0
5996.jpg,0
5997.jpg,0
5998.jpg,0
5999.jpg,0
6000.jpg,0
6001.jpg,0
6002.jpg,0
6003.jpg,0
6004.jpg,0
6005.jpg,0
6006.jpg,0
6007.jpg,0
6008.jpg,0
6009.jpg,0
6010.jpg,0
6011.jpg,0
6012.jpg,0
6013.jpg,1
6014.jpg,1
6015.jpg,0
6016.jpg,0
6017.jpg,0
6018.jpg,0
6019.jpg,0
6020.jpg,0
6021.jpg,0
6022.jpg,0
6023.jpg,0
6024.jpg,0
6025.jpg,0
6026.jpg,0
6027.jpg,0
6028.jpg,0
6029.jpg,0
6030.jpg,0
6031.jpg,0
6032.jpg,0
6033.jpg,0
6034.jpg,0
6035.jpg,0
6036.jpg,0
6037.jpg,0
6038.jpg,0
6039.jpg,0
6040.jpg,0
6041.jpg,0
6042.jpg,0
6043.jpg,0
6044.jpg,0
6045.jpg,0
6046.jpg,0
6047.jpg,0
6048.jpg,0
6049.jpg,0
6050.jpg,0
6051.jpg,0
6052.jpg,0
6053.jpg,0
6054.jpg,0
6055.jpg,0
6056.jpg,0
6057.jpg,0
6058.jpg,0
6059.jpg,0
6060.jpg,0
6061.jpg,0
6062.jpg,0
6063.jpg,0
6064.jpg,0
6065.jpg,0
6066.jpg,0
6067.jpg,0
6068.jpg,0
6069.jpg,0
6070.jpg,0
6071.jpg,0
6072.jpg,0
6073.jpg,0
6074.jpg,0
6075.jpg,0
6076.jpg,0
6077.jpg,0
6078.jpg,0
6079.jpg,0
6080.jpg,0
6081.jpg,0
6082.jpg,0
6083.jpg,0
6084.jpg,0
6085.jpg,0
6086.jpg,0
6087.jpg,0
6088.jpg,0
6089.jpg,0
6090.jpg,0
6091.jpg,0
6092.jpg,0
6093.jpg,0
6094.jpg,0
6095.jpg,0
6096.jpg,0
6097.jpg,0
6098.jpg,0
6099.jpg,0
6100.jpg,0
6101.jpg,0
6102.jpg,0
6103.jpg,0
6104.jpg,0
6105.jpg,0
6106.jpg,0
6107.jpg,0
6108.jpg,0
6109.jpg,0
6110.jpg,0
6111.jpg,0
6112.jpg,0
6113.jpg,0
6114.jpg,0
6115.jpg,0
6116.jpg,0
6117.jpg,0
6118.jpg,0
6119.jpg,0
6120.jpg,0
6121.jpg,1
6122.jpg,1
6123.jpg,1
6124.jpg,1
6125.jpg,1
6126.jpg,0
6127.jpg,0
6128.jpg,0
6129.jpg,0
6130.jpg,0
6131.jpg,0
6132.jpg,0
6133.jpg,0
6134.jpg,0
6135.jpg,0
6136.jpg,0
6137.jpg,0
6138.jpg,0
6139.jpg,0
6140.jpg,0
6141.jpg,0
6142.jpg,0
6143.jpg,0
6144.jpg,0
6145.jpg,0
6146.jpg,0
6147.jpg,0
6148.jpg,0
6149.jpg,0
6150.jpg,0
6151.jpg,0
6152.jpg,0
6153.jpg,0
6154.jpg,0
6155.jpg,0
6156.jpg,0
6157.jpg,0
6158.jpg,0
6159.jpg,0
6160.jpg,0
6161.jpg,0
6162.jpg,0
6163.jpg,0
6164.jpg,0
6165.jpg,0
6166.jpg,0
6167.jpg,0
6168.jpg,0
6169.jpg,0
6170.jpg,0
6171.jpg,0
6172.jpg,0
6173.jpg,0
6174.jpg,0
6175.jpg,0
6176.jpg,0
6177.jpg,0
6178.jpg,0
6179.jpg,0
6180.jpg,1
6181.jpg,1
6182.jpg,0
6183.jpg,1
6184.jpg,1
6185.jpg,1
6186.jpg,1
6187.jpg,1
6188.jpg,0
6189.jpg,0
6190.jpg,0
6191.jpg,0
6192.jpg,0
6193.jpg,0
6194.jpg,0
6195.jpg,0
6196.jpg,0
6197.jpg,0
6198.jpg,0
6199.jpg,0
6200.jpg,0
6201.jpg,0
6202.jpg,0
6203.jpg,0
6204.jpg,0
6205.jpg,0
6206.jpg,0
6207.jpg,0
6208.jpg,1
6209.jpg,1
6210.jpg,1
6211.jpg,0
6212.jpg,0
6213.jpg,0
6214.jpg,0
6215.jpg,0
6216.jpg,1
6217.jpg,1
6218.jpg,0
6219.jpg,0
6220.jpg,0
6221.jpg,1
6222.jpg,1
6223.jpg,1
6224.jpg,1
6225.jpg,1
6226.jpg,1
6227.jpg,1
6228.jpg,1
6229.jpg,1
6230.jpg,0
6231.jpg,0
6232.jpg,0
6233.jpg,1
6234.jpg,1
6235.jpg,1
6236.jpg,1
6237.jpg,0
6238.jpg,1
6239.jpg,1
6240.jpg,0
6241.jpg,0
6242.jpg,0
6243.jpg,0
6244.jpg,0
6245.jpg,0
6246.jpg,0
6247.jpg,0
6248.jpg,0
6249.jpg,0
6250.jpg,0
6251.jpg,0
6252.jpg,0
6253.jpg,0
6254.jpg,0
6255.jpg,0
6256.jpg,0
6257.jpg,0
6258.jpg,0
6259.jpg,0
6260.jpg,0
6261.jpg,0
6262.jpg,0
6263.jpg,0
6264.jpg,0
6265.jpg,0
6266.jpg,0
6267.jpg,0
6268.jpg,0
6269.jpg,0
6270.jpg,0
6271.jpg,0
6272.jpg,1
6273.jpg,1
6274.jpg,1
6275.jpg,1
6276.jpg,1
6277.jpg,0
6278.jpg,0
6279.jpg,0
6280.jpg,0
6281.jpg,0
6282.jpg,0
6283.jpg,0
6284.jpg,0
6285.jpg,0
6286.jpg,1
6287.jpg,1
6288.jpg,1
6289.jpg,1
6290.jpg,1
6291.jpg,0
6292.jpg,0
6293.jpg,0
6294.jpg,1
6295.jpg,1
6296.jpg,1
6297.jpg,1
6298.jpg,0
6299.jpg,1
6300.jpg,1
6301.jpg,1
6302.jpg,1
6303.jpg,1
6304.jpg,0
6305.jpg,0
6306.jpg,0
6307.jpg,0
6308.jpg,1
6309.jpg,1
6310.jpg,1
6311.jpg,1
6312.jpg,1
6313.jpg,1
6314.jpg,0
6315.jpg,1
6316.jpg,1
6317.jpg,1
6318.jpg,1
6319.jpg,1
6320.jpg,1
6321.jpg,1
6322.jpg,1
6323.jpg,1
6324.jpg,1
6325.jpg,1
6326.jpg,1
6327.jpg,1
6328.jpg,1
6329.jpg,1
6330.jpg,1
6331.jpg,1
6332.jpg,1
6333.jpg,1
6334.jpg,1
6335.jpg,1
6336.jpg,1
6337.jpg,1
6338.jpg,0
6339.jpg,1
6340.jpg,1
6341.jpg,0
6342.jpg,1
6343.jpg,1
6344.jpg,1
6345.jpg,1
6346.jpg,1
6347.jpg,1
6348.jpg,1
6349.jpg,1
6350.jpg,1
6351.jpg,1
6352.jpg,1
6353.jpg,1
6354.jpg,1
6355.jpg,1
6356.jpg,1
6357.jpg,0
6358.jpg,0
6359.jpg,0
6360.jpg,0
6361.jpg,0
6362.jpg,0
6363.jpg,0
6364.jpg,0
6365.jpg,0
6366.jpg,0
6367.jpg,0
6368.jpg,0
6369.jpg,0
6370.jpg,0
6371.jpg,0
6372.jpg,0
6373.jpg,0
6374.jpg,0
6375.jpg,0
6376.jpg,0
6377.jpg,0
6378.jpg,0
6379.jpg,0
6380.jpg,0
6381.jpg,0
6382.jpg,0
6383.jpg,0
6384.jpg,1
6385.jpg,1
6386.jpg,0
6387.jpg,0
6388.jpg,0
6389.jpg,0
6390.jpg,0
6391.jpg,0
6392.jpg,0
6393.jpg,0
6394.jpg,0
6395.jpg,1
6396.jpg,1
6397.jpg,1
6398.jpg,1
6399.jpg,1
6400.jpg,0
6401.jpg,0
6402.jpg,0
6403.jpg,2
6404.jpg,2
6405.jpg,2
6406.jpg,2
6407.jpg,2
6408.jpg,2
6409.jpg,2
6410.jpg,0
6411.jpg,0
6412.jpg,0
6413.jpg,2
6414.jpg,2
6415.jpg,2
6416.jpg,2
6417.jpg,2
6418.jpg,2
6419.jpg,2
6420.jpg,2
6421.jpg,2
6422.jpg,2
6423.jpg,2
6424.jpg,2
6425.jpg,2
6426.jpg,2
6427.jpg,2
6428.jpg,2
6429.jpg,2
6430.jpg,2
6431.jpg,2
6432.jpg,2
6433.jpg,2
6434.jpg,2
6435.jpg,2
6436.jpg,2
6437.jpg,2
6438.jpg,2
6439.jpg,2
6440.jpg,2
6441.jpg,2
6442.jpg,2
6443.jpg,2
6444.jpg,2
6445.jpg,2
6446.jpg,2
6447.jpg,2
6448.jpg,2
6449.jpg,2
6450.jpg,2
6451.jpg,2
6452.jpg,2
6453.jpg,2
6454.jpg,2
6455.jpg,2
6456.jpg,2
6457.jpg,2
6458.jpg,2
6459.jpg,2
6460.jpg,2
6461.jpg,2
6462.jpg,2
6463.jpg,2
6464.jpg,2
6465.jpg,2
6466.jpg,2
6467.jpg,2
6468.jpg,2
6469.jpg,2
6470.jpg,2
6471.jpg,2
6472.jpg,2
6473.jpg,2
6474.jpg,2
6475.jpg,2
6476.jpg,2
6477.jpg,2
6478.jpg,2
6479.jpg,2
6480.jpg,2
6481.jpg,2
6482.jpg,2
6483.jpg,2
6484.jpg,2
6485.jpg,2
6486.jpg,2
6487.jpg,2
6488.jpg,2
6489.jpg,0
6490.jpg,0
6491.jpg,0
6492.jpg,0
6493.jpg,0
6494.jpg,0
6495.jpg,0
6496.jpg,0
6497.jpg,0
6498.jpg,0
6499.jpg,0
6500.jpg,0
6501.jpg,0
6502.jpg,0
6503.jpg,0
6504.jpg,0
6505.jpg,0
6506.jpg,0
6507.jpg,0
6508.jpg,0
6509.jpg,0
6510.jpg,0
6511.jpg,0
6512.jpg,0
6513.jpg,0
6514.jpg,0
6515.jpg,0
6516.jpg,0
6517.jpg,0
6518.jpg,0
6519.jpg,0
6520.jpg,0
6521.jpg,0
6522.jpg,0
6523.jpg,0
6524.jpg,0
6525.jpg,0
6526.jpg,0
6527.jpg,0
6528.jpg,0
6529.jpg,0
6530.jpg,0
6531.jpg,0
6532.jpg,0
6533.jpg,0
6534.jpg,0
6535.jpg,0
6536.jpg,0
6537.jpg,0
6538.jpg,0
6539.jpg,0
6540.jpg,0
6541.jpg,0
6542.jpg,0
6543.jpg,0
6544.jpg,0
6545.jpg,0
6546.jpg,0
6547.jpg,0
6548.jpg,0
6549.jpg,0
6550.jpg,0
6551.jpg,0
6552.jpg,0
6553.jpg,0
6554.jpg,0
6555.jpg,0
6556.jpg,0
6557.jpg,0
6558.jpg,0
6559.jpg,0
6560.jpg,0
6561.jpg,0
6562.jpg,0
6563.jpg,0
6564.jpg,0
6565.jpg,0
6566.jpg,1
6567.jpg,1
6568.jpg,0
6569.jpg,0
6570.jpg,0
6571.jpg,0
6572.jpg,0
6573.jpg,0
6574.jpg,0
6575.jpg,1
6576.jpg,1
6577.jpg,1
6578.jpg,1
6579.jpg,0
6580.jpg,0
6581.jpg,0
6582.jpg,0
6583.jpg,0
6584.jpg,0
6585.jpg,0
6586.jpg,0
6587.jpg,0
6588.jpg,0
6589.jpg,0
6590.jpg,0
6591.jpg,0
6592.jpg,0
6593.jpg,0
6594.jpg,0
6595.jpg,0
6596.jpg,0
6597.jpg,0
6598.jpg,0
6599.jpg,0
6600.jpg,0
6601.jpg,0
6602.jpg,0
6603.jpg,0
6604.jpg,0
6605.jpg,0
6606.jpg,0
6607.jpg,0
6608.jpg,0
6609.jpg,0
6610.jpg,0
6611.jpg,0
6612.jpg,0
6613.jpg,0
6614.jpg,0
6615.jpg,0
6616.jpg,0
6617.jpg,0
6618.jpg,0
6619.jpg,0
6620.jpg,0
6621.jpg,0
6622.jpg,0
6623.jpg,0
6624.jpg,0
6625.jpg,0
6626.jpg,0
6627.jpg,0
6628.jpg,0
6629.jpg,0
6630.jpg,0
6631.jpg,0
6632.jpg,0
6633.jpg,0
6634.jpg,2
6635.jpg,2
6636.jpg,2
6637.jpg,2
6638.jpg,2
6639.jpg,2
6640.jpg,2
6641.jpg,2
6642.jpg,2
6643.jpg,2
6644.jpg,2
6645.jpg,2
6646.jpg,2
6647.jpg,2
6648.jpg,2
6649.jpg,2
6650.jpg,2
6651.jpg,2
6652.jpg,0
6653.jpg,0
6654.jpg,0
6655.jpg,0
6656.jpg,0
6657.jpg,0
6658.jpg,0
6659.jpg,0
6660.jpg,0
6661.jpg,0
6662.jpg,0
6663.jpg,0
6664.jpg,0
6665.jpg,0
6666.jpg,0
6667.jpg,0
6668.jpg,0
6669.jpg,0
6670.jpg,0
6671.jpg,0
6672.jpg,0
6673.jpg,0
6674.jpg,0
6675.jpg,0
6676.jpg,0
6677.jpg,0
6678.jpg,0
6679.jpg,0
6680.jpg,0
6681.jpg,0
6682.jpg,0
6683.jpg,0
6684.jpg,0
6685.jpg,0
6686.jpg,0
6687.jpg,0
6688.jpg,0
6689.jpg,0
6690.jpg,0
6691.jpg,0
6692.jpg,0
6693.jpg,0
6694.jpg,0
6695.jpg,0
6696.jpg,0
6697.jpg,0
6698.jpg,0
6699.jpg,0
6700.jpg,0
6701.jpg,0
6702.jpg,0
6703.jpg,0
6704.jpg,0
6705.jpg,0
6706.jpg,0
6707.jpg,0
6708.jpg,0
6709.jpg,0
6710.jpg,0
6711.jpg,0
6712.jpg,0
6713.jpg,0
6714.jpg,0
6715.jpg,0
6716.jpg,0
6717.jpg,0
6718.jpg,0
6719.jpg,0
6720.jpg,0
6721.jpg,0
6722.jpg,0
6723.jpg,0
6724.jpg,0
6725.jpg,0
6726.jpg,0
6727.jpg,0
6728.jpg,0
6729.jpg,0
6730.jpg,0
6731.jpg,0
6732.jpg,0
6733.jpg,0
6734.jpg,0
6735.jpg,0
6736.jpg,0
6737.jpg,0
6738.jpg,0
6739.jpg,0
6740.jpg,0
6741.jpg,0
6742.jpg,0
6743.jpg,0
6744.jpg,0
6745.jpg,0
6746.jpg,0
6747.jpg,0
6748.jpg,0
6749.jpg,0
6750.jpg,0
6751.jpg,0
6752.jpg,0
6753.jpg,0
6754.jpg,0
6755.jpg,0
6756.jpg,0
6757.jpg,0
6758.jpg,0
6759.jpg,0
6760.jpg,0
6761.jpg,0
6762.jpg,0
6763.jpg,1
6764.jpg,1
6765.jpg,1
6766.jpg,1
6767.jpg,1
6768.jpg,0
6769.jpg,0
6770.jpg,0
6771.jpg,0
6772.jpg,0
6773.jpg,0
6774.jpg,0
6775.jpg,0
6776.jpg,0
6777.jpg,0
6778.jpg,0
6779.jpg,0
6780.jpg,0
6781.jpg,0
6782.jpg,0
6783.jpg,0
6784.jpg,0
6785.jpg,0
6786.jpg,0
6787.jpg,0
6788.jpg,0
6789.jpg,0
6790.jpg,0
6791.jpg,0
6792.jpg,0
6793.jpg,0
6794.jpg,0
6795.jpg,0
6796.jpg,0
6797.jpg,0
6798.jpg,0
6799.jpg,0
6800.jpg,0
6801.jpg,0
6802.jpg,0
6803.jpg,0
6804.jpg,0
6805.jpg,0
6806.jpg,0
6807.jpg,0
6808.jpg,0
6809.jpg,0
6810.jpg,0
6811.jpg,0
6812.jpg,0
6813.jpg,0
6814.jpg,0
6815.jpg,0
6816.jpg,0
6817.jpg,0
6818.jpg,0
6819.jpg,7
6820.jpg,7
6821.jpg,7
6822.jpg,7
6823.jpg,7
6824.jpg,7
6825.jpg,7
6826.jpg,7
6827.jpg,7
6828.jpg,7
6829.jpg,7
6830.jpg,7
6831.jpg,7
6832.jpg,7
6833.jpg,7
6834.jpg,7
6835.jpg,7
6836.jpg,7
6837.jpg,7
6838.jpg,7
6839.jpg,7
6840.jpg,7
6841.jpg,7
6842.jpg,7
6843.jpg,7
6844.jpg,7
6845.jpg,7
6846.jpg,7
6847.jpg,7
6848.jpg,7
6849.jpg,7
6850.jpg,7
6851.jpg,7
6852.jpg,7
6853.jpg,7
6854.jpg,7
6855.jpg,7
6856.jpg,7
6857.jpg,7
6858.jpg,7
6859.jpg,7
6860.jpg,7
6861.jpg,7
6862.jpg,7
6863.jpg,7
6864.jpg,7
6865.jpg,7
6866.jpg,7
6867.jpg,7
6868.jpg,7
6869.jpg,7
6870.jpg,7
6871.jpg,7
6872.jpg,7
6873.jpg,7
6874.jpg,7
6875.jpg,7
6876.jpg,7
6877.jpg,7
6878.jpg,7
6879.jpg,7
6880.jpg,7
6881.jpg,7
6882.jpg,7
6883.jpg,7
6884.jpg,7
6885.jpg,7
6886.jpg,7
6887.jpg,7
6888.jpg,7
6889.jpg,7
6890.jpg,7
6891.jpg,7
6892.jpg,7
6893.jpg,7
6894.jpg,7
6895.jpg,7
6896.jpg,7
6897.jpg,7
6898.jpg,7
6899.jpg,7
6900.jpg,7
6901.jpg,7
6902.jpg,7
6903.jpg,7
6904.jpg,7
6905.jpg,7
6906.jpg,0
6907.jpg,0
6908.jpg,0
6909.jpg,0
6910.jpg,0
6911.jpg,0
6912.jpg,0
6913.jpg,0
6914.jpg,0
6915.jpg,0
6916.jpg,0
6917.jpg,0
6918.jpg,0
6919.jpg,0
6920.jpg,0
6921.jpg,0
6922.jpg,0
6923.jpg,0
6924.jpg,0
6925.jpg,0
6926.jpg,0
6927.jpg,0
6928.jpg,0
6929.jpg,0
6930.jpg,0
6931.jpg,0
6932.jpg,0
6933.jpg,0
6934.jpg,0
6935.jpg,0
6936.jpg,0
6937.jpg,0
6938.jpg,0
6939.jpg,0
6940.jpg,0
6941.jpg,0
6942.jpg,0
6943.jpg,0
6944.jpg,0
6945.jpg,0
6946.jpg,0
6947.jpg,0
6948.jpg,0
6949.jpg,0
6950.jpg,0
6951.jpg,0
6952.jpg,0
6953.jpg,0
6954.jpg,0
6955.jpg,0
6956.jpg,0
6957.jpg,0
6958.jpg,0
6959.jpg,0
6960.jpg,0
6961.jpg,0
6962.jpg,0
6963.jpg,0
6964.jpg,0
6965.jpg,0
6966.jpg,0
6967.jpg,0
6968.jpg,0
6969.jpg,0
6970.jpg,0
6971.jpg,0
6972.jpg,0
6973.jpg,0
6974.jpg,0
6975.jpg,0
6976.jpg,0
6977.jpg,0
6978.jpg,0
6979.jpg,0
6980.jpg,0
6981.jpg,0
6982.jpg,0
6983.jpg,0
6984.jpg,2
6985.jpg,2
6986.jpg,2
6987.jpg,2
6988.jpg,2
6989.jpg,2
6990.jpg,2
6991.jpg,2
6992.jpg,2
6993.jpg,2
6994.jpg,2
6995.jpg,2
6996.jpg,2
6997.jpg,2
6998.jpg,2
6999.jpg,0
7000.jpg,2
7001.jpg,2
7002.jpg,2
7003.jpg,2
7004.jpg,2
7005.jpg,2
7006.jpg,2
7007.jpg,2
7008.jpg,2
7009.jpg,2
7010.jpg,2
7011.jpg,2
7012.jpg,2
7013.jpg,2
7014.jpg,2
7015.jpg,2
7016.jpg,2
7017.jpg,2
7018.jpg,2
7019.jpg,2
7020.jpg,2
7021.jpg,2
7022.jpg,2
7023.jpg,0
7024.jpg,2
7025.jpg,2
7026.jpg,2
7027.jpg,2
7028.jpg,2
7029.jpg,2
7030.jpg,2
7031.jpg,2
7032.jpg,2
7033.jpg,2
7034.jpg,2
7035.jpg,2
7036.jpg,2
7037.jpg,2
7038.jpg,2
7039.jpg,2
7040.jpg,2
7041.jpg,2
7042.jpg,2
7043.jpg,2
7044.jpg,2
7045.jpg,2
7046.jpg,2
7047.jpg,2
7048.jpg,2
7049.jpg,2
7050.jpg,2
7051.jpg,2
7052.jpg,2
7053.jpg,2
7054.jpg,0
7055.jpg,0
7056.jpg,0
7057.jpg,0
7058.jpg,0
7059.jpg,0
7060.jpg,0
7061.jpg,0
7062.jpg,0
7063.jpg,0
7064.jpg,0
7065.jpg,0
7066.jpg,0
7067.jpg,0
7068.jpg,0
7069.jpg,0
7070.jpg,1
7071.jpg,1
7072.jpg,1
7073.jpg,1
7074.jpg,1
7075.jpg,1
7076.jpg,1
7077.jpg,0
7078.jpg,0
7079.jpg,1
7080.jpg,1
7081.jpg,1
7082.jpg,1
7083.jpg,1
7084.jpg,1
7085.jpg,1
7086.jpg,1
7087.jpg,1
7088.jpg,1
7089.jpg,1
7090.jpg,1
7091.jpg,1
7092.jpg,1
7093.jpg,1
7094.jpg,1
7095.jpg,1
7096.jpg,1
7097.jpg,1
7098.jpg,0
7099.jpg,1
7100.jpg,1
7101.jpg,1
7102.jpg,1
7103.jpg,1
7104.jpg,0
7105.jpg,0
7106.jpg,0
7107.jpg,0
7108.jpg,0
7109.jpg,0
7110.jpg,0
7111.jpg,1
7112.jpg,1
7113.jpg,1
7114.jpg,1
7115.jpg,0
7116.jpg,0
7117.jpg,0
7118.jpg,1
7119.jpg,1
7120.jpg,1
7121.jpg,1
7122.jpg,1
7123.jpg,1
7124.jpg,1
7125.jpg,1
7126.jpg,1
7127.jpg,0
7128.jpg,1
7129.jpg,1
7130.jpg,1
7131.jpg,1
7132.jpg,0
7133.jpg,0
7134.jpg,0
7135.jpg,0
7136.jpg,0
7137.jpg,0
7138.jpg,0
7139.jpg,0
7140.jpg,1
7141.jpg,1
7142.jpg,1
7143.jpg,0
7144.jpg,0
7145.jpg,0
7146.jpg,0
7147.jpg,1
7148.jpg,1
7149.jpg,0
7150.jpg,0
7151.jpg,0
7152.jpg,0
7153.jpg,0
7154.jpg,0
7155.jpg,0
7156.jpg,1
7157.jpg,1
7158.jpg,1
7159.jpg,1
7160.jpg,1
7161.jpg,0
7162.jpg,0
7163.jpg,0
7164.jpg,1
7165.jpg,1
7166.jpg,1
7167.jpg,1
7168.jpg,1
7169.jpg,1
7170.jpg,0
7171.jpg,0
7172.jpg,1
7173.jpg,1
7174.jpg,1
7175.jpg,1
7176.jpg,1
7177.jpg,1
7178.jpg,1
7179.jpg,1
7180.jpg,1
7181.jpg,1
7182.jpg,1
7183.jpg,1
7184.jpg,0
7185.jpg,0
7186.jpg,0
7187.jpg,0
7188.jpg,0
7189.jpg,0
7190.jpg,0
7191.jpg,0
7192.jpg,0
7193.jpg,0
7194.jpg,0
7195.jpg,0
7196.jpg,0
7197.jpg,0
7198.jpg,0
7199.jpg,0
7200.jpg,0
7201.jpg,0
7202.jpg,0
7203.jpg,0
7204.jpg,0
7205.jpg,0
7206.jpg,0
7207.jpg,0
7208.jpg,0
7209.jpg,0
7210.jpg,0
7211.jpg,0
7212.jpg,0
7213.jpg,0
7214.jpg,0
7215.jpg,0
7216.jpg,0
7217.jpg,0
7218.jpg,0
7219.jpg,1
7220.jpg,1
7221.jpg,1
7222.jpg,1
7223.jpg,0
7224.jpg,0
7225.jpg,0
7226.jpg,0
7227.jpg,0
7228.jpg,0
7229.jpg,0
7230.jpg,0
7231.jpg,0
7232.jpg,0
7233.jpg,0
7234.jpg,0
7235.jpg,0
7236.jpg,0
7237.jpg,0
7238.jpg,0
7239.jpg,0
7240.jpg,0
7241.jpg,0
7242.jpg,0
7243.jpg,0
7244.jpg,0
7245.jpg,0
7246.jpg,0
7247.jpg,0
7248.jpg,0
7249.jpg,0
7250.jpg,0
7251.jpg,0
7252.jpg,0
7253.jpg,0
7254.jpg,1
7255.jpg,1
7256.jpg,0
7257.jpg,0
7258.jpg,0
7259.jpg,0
7260.jpg,0
7261.jpg,0
7262.jpg,0
7263.jpg,0
7264.jpg,0
7265.jpg,0
7266.jpg,0
7267.jpg,0
7268.jpg,0
7269.jpg,0
7270.jpg,0
7271.jpg,0
7272.jpg,0
7273.jpg,0
7274.jpg,0
7275.jpg,0
7276.jpg,0
7277.jpg,0
7278.jpg,0
7279.jpg,0
7280.jpg,0
7281.jpg,0
7282.jpg,0
7283.jpg,0
7284.jpg,0
7285.jpg,0
7286.jpg,0
7287.jpg,0
7288.jpg,0
7289.jpg,0
7290.jpg,0
7291.jpg,0
7292.jpg,0
7293.jpg,0
7294.jpg,0
7295.jpg,0
7296.jpg,0
7297.jpg,0
7298.jpg,0
7299.jpg,0
7300.jpg,0
7301.jpg,0
7302.jpg,0
7303.jpg,0
7304.jpg,0
7305.jpg,0
7306.jpg,0
7307.jpg,0
7308.jpg,0
7309.jpg,0
7310.jpg,0
7311.jpg,0
7312.jpg,0
7313.jpg,0
7314.jpg,0
7315.jpg,0
7316.jpg,0
7317.jpg,0
7318.jpg,0
7319.jpg,0
7320.jpg,0
7321.jpg,0
7322.jpg,0
7323.jpg,0
7324.jpg,0
7325.jpg,0
7326.jpg,0
7327.jpg,0
7328.jpg,0
7329.jpg,0
7330.jpg,0
7331.jpg,0
7332.jpg,0
7333.jpg,0
7334.jpg,0
7335.jpg,0
7336.jpg,0
7337.jpg,0
7338.jpg,0
7339.jpg,0
7340.jpg,0
7341.jpg,0
7342.jpg,0
7343.jpg,0
7344.jpg,0
7345.jpg,0
7346.jpg,0
7347.jpg,0
7348.jpg,0
7349.jpg,0
7350.jpg,0
7351.jpg,0
7352.jpg,0
7353.jpg,0
7354.jpg,0
7355.jpg,0
7356.jpg,0
7357.jpg,0
7358.jpg,0
7359.jpg,0
7360.jpg,0
7361.jpg,0
7362.jpg,0
7363.jpg,0
7364.jpg,0
7365.jpg,0
7366.jpg,0
7367.jpg,0
7368.jpg,0
7369.jpg,0
7370.jpg,0
7371.jpg,0
7372.jpg,0
7373.jpg,0
7374.jpg,0
7375.jpg,0
7376.jpg,0
7377.jpg,0
7378.jpg,0
7379.jpg,0
7380.jpg,0
7381.jpg,0
7382.jpg,0
7383.jpg,0
7384.jpg,1
7385.jpg,1
7386.jpg,1
7387.jpg,1
7388.jpg,0
7389.jpg,0
7390.jpg,0
7391.jpg,1
7392.jpg,1
7393.jpg,1
7394.jpg,1
7395.jpg,1
7396.jpg,0
7397.jpg,0
7398.jpg,0
7399.jpg,0
7400.jpg,0
7401.jpg,0
7402.jpg,0
7403.jpg,0
7404.jpg,0
7405.jpg,0
7406.jpg,0
7407.jpg,0
7408.jpg,0
7409.jpg,3
7410.jpg,3
7411.jpg,3
7412.jpg,3
7413.jpg,0
7414.jpg,0
7415.jpg,0
7416.jpg,0
7417.jpg,0
7418.jpg,0
7419.jpg,0
7420.jpg,0
7421.jpg,1
7422.jpg,1
7423.jpg,1
7424.jpg,1
7425.jpg,1
7426.jpg,1
7427.jpg,1
7428.jpg,0
7429.jpg,0
7430.jpg,0
7431.jpg,0
7432.jpg,0
7433.jpg,0
7434.jpg,1
7435.jpg,1
7436.jpg,1
7437.jpg,0
7438.jpg,0
7439.jpg,0
7440.jpg,1
7441.jpg,1
7442.jpg,1
7443.jpg,1
7444.jpg,1
7445.jpg,1
7446.jpg,1
7447.jpg,1
7448.jpg,1
7449.jpg,1
7450.jpg,0
7451.jpg,0
7452.jpg,0
7453.jpg,0
7454.jpg,1
7455.jpg,1
7456.jpg,1
7457.jpg,1
7458.jpg,1
7459.jpg,1
7460.jpg,1
7461.jpg,0
7462.jpg,0
7463.jpg,0
7464.jpg,0
7465.jpg,0
7466.jpg,0
7467.jpg,0
7468.jpg,0
7469.jpg,0
7470.jpg,0
7471.jpg,0
7472.jpg,0
7473.jpg,0
7474.jpg,0
7475.jpg,0
7476.jpg,0
7477.jpg,0
7478.jpg,0
7479.jpg,0
7480.jpg,0
7481.jpg,0
7482.jpg,0
7483.jpg,0
7484.jpg,0
7485.jpg,0
7486.jpg,0
7487.jpg,0
7488.jpg,0
7489.jpg,0
7490.jpg,0
7491.jpg,0
7492.jpg,0
7493.jpg,0
7494.jpg,0
7495.jpg,0
7496.jpg,0
7497.jpg,0
7498.jpg,0
7499.jpg,0
7500.jpg,0
7501.jpg,0
7502.jpg,6
7503.jpg,6
7504.jpg,6
7505.jpg,6
7506.jpg,6
7507.jpg,6
7508.jpg,6
7509.jpg,6
7510.jpg,6
7511.jpg,6
7512.jpg,6
7513.jpg,6
7514.jpg,6
7515.jpg,6
7516.jpg,6
7517.jpg,6
7518.jpg,6
7519.jpg,6
7520.jpg,6
7521.jpg,6
7522.jpg,6
7523.jpg,6
7524.jpg,6
7525.jpg,0
7526.jpg,0
7527.jpg,0
7528.jpg,0
7529.jpg,0
7530.jpg,0
7531.jpg,0
7532.jpg,0
7533.jpg,0
7534.jpg,0
7535.jpg,0
7536.jpg,0
7537.jpg,0
7538.jpg,1
7539.jpg,1
7540.jpg,1
7541.jpg,1
7542.jpg,1
7543.jpg,1
7544.jpg,1
7545.jpg,1
7546.jpg,1
7547.jpg,1
7548.jpg,1
7549.jpg,1
7550.jpg,1
7551.jpg,1
7552.jpg,1
7553.jpg,1
7554.jpg,1
7555.jpg,1
7556.jpg,0
7557.jpg,0
7558.jpg,0
7559.jpg,0
7560.jpg,0
7561.jpg,0
7562.jpg,0
7563.jpg,0
7564.jpg,0
7565.jpg,0
7566.jpg,0
7567.jpg,0
7568.jpg,0
7569.jpg,0
7570.jpg,0
7571.jpg,0
7572.jpg,0
7573.jpg,1
7574.jpg,1
7575.jpg,1
7576.jpg,1
7577.jpg,0
7578.jpg,0
7579.jpg,0
7580.jpg,0
7581.jpg,0
7582.jpg,0
7583.jpg,0
7584.jpg,0
7585.jpg,0
7586.jpg,0
7587.jpg,0
7588.jpg,0
7589.jpg,0
7590.jpg,0
7591.jpg,0
7592.jpg,0
7593.jpg,0
7594.jpg,0
7595.jpg,0
7596.jpg,0
7597.jpg,0
7598.jpg,0
7599.jpg,0
7600.jpg,0
7601.jpg,0
7602.jpg,0
7603.jpg,0
7604.jpg,0
7605.jpg,0
7606.jpg,0
7607.jpg,0
7608.jpg,0
7609.jpg,0
7610.jpg,0
7611.jpg,0
7612.jpg,0
7613.jpg,0
7614.jpg,0
7615.jpg,0
7616.jpg,0
7617.jpg,0
7618.jpg,0
7619.jpg,0
7620.jpg,0
7621.jpg,0
7622.jpg,0
7623.jpg,0
7624.jpg,0
7625.jpg,0
7626.jpg,0
7627.jpg,0
7628.jpg,0
7629.jpg,0
7630.jpg,0
7631.jpg,0
7632.jpg,0
7633.jpg,0
7634.jpg,0
7635.jpg,0
7636.jpg,0
7637.jpg,0
7638.jpg,0
7639.jpg,0
7640.jpg,0
7641.jpg,0
7642.jpg,0
7643.jpg,0
7644.jpg,0
7645.jpg,0
7646.jpg,0
7647.jpg,0
7648.jpg,0
7649.jpg,0
7650.jpg,0
7651.jpg,0
7652.jpg,0
7653.jpg,0
7654.jpg,0
7655.jpg,0
7656.jpg,0
7657.jpg,0
7658.jpg,0
7659.jpg,0
7660.jpg,0
7661.jpg,0
7662.jpg,0
7663.jpg,0
7664.jpg,0
7665.jpg,0
7666.jpg,0
7667.jpg,0
7668.jpg,0
7669.jpg,0
7670.jpg,0
7671.jpg,0
7672.jpg,0
7673.jpg,0
7674.jpg,0
7675.jpg,0
7676.jpg,0
7677.jpg,0
7678.jpg,0
7679.jpg,0
7680.jpg,0
7681.jpg,0
7682.jpg,0
7683.jpg,0
7684.jpg,0
7685.jpg,0
7686.jpg,0
7687.jpg,0
7688.jpg,0
7689.jpg,0
7690.jpg,0
7691.jpg,0
7692.jpg,0
7693.jpg,0
7694.jpg,0
7695.jpg,0
7696.jpg,0
7697.jpg,0
7698.jpg,0
7699.jpg,0
7700.jpg,0
7701.jpg,0
7702.jpg,0
7703.jpg,0
7704.jpg,0
7705.jpg,0
7706.jpg,0
7707.jpg,0
7708.jpg,0
7709.jpg,0
7710.jpg,0
7711.jpg,0
7712.jpg,0
7713.jpg,0
7714.jpg,0
7715.jpg,0
7716.jpg,0
7717.jpg,0
7718.jpg,0
7719.jpg,0
7720.jpg,0
7721.jpg,0
7722.jpg,0
7723.jpg,0
7724.jpg,0
7725.jpg,0
7726.jpg,0
7727.jpg,0
7728.jpg,0
7729.jpg,0
7730.jpg,0
7731.jpg,0
7732.jpg,0
7733.jpg,0
7734.jpg,0
7735.jpg,0
7736.jpg,0
7737.jpg,0
7738.jpg,0
7739.jpg,0
7740.jpg,0
7741.jpg,0
7742.jpg,0
7743.jpg,0
7744.jpg,0
7745.jpg,0
7746.jpg,0
7747.jpg,0
7748.jpg,0
7749.jpg,0
7750.jpg,0
7751.jpg,0
7752.jpg,0
7753.jpg,0
7754.jpg,0
7755.jpg,0
7756.jpg,0
7757.jpg,0
7758.jpg,0
7759.jpg,0
7760.jpg,0
7761.jpg,0
7762.jpg,0
7763.jpg,0
7764.jpg,0
7765.jpg,0
7766.jpg,0
7767.jpg,0
7768.jpg,0
7769.jpg,0
7770.jpg,0
7771.jpg,0
7772.jpg,0
7773.jpg,0
7774.jpg,0
7775.jpg,0
7776.jpg,0
7777.jpg,0
7778.jpg,0
7779.jpg,0
7780.jpg,0
7781.jpg,0
7782.jpg,0
7783.jpg,0
7784.jpg,0
7785.jpg,0
7786.jpg,0
7787.jpg,0
7788.jpg,0
7789.jpg,0
7790.jpg,0
7791.jpg,0
7792.jpg,0
7793.jpg,0
7794.jpg,0
7795.jpg,0
7796.jpg,0
7797.jpg,0
7798.jpg,0
7799.jpg,0
7800.jpg,0
7801.jpg,0
7802.jpg,0
7803.jpg,0
7804.jpg,0
7805.jpg,0
7806.jpg,0
7807.jpg,0
7808.jpg,0
7809.jpg,0
7810.jpg,0
7811.jpg,0
7812.jpg,0
7813.jpg,0
7814.jpg,0
7815.jpg,0
7816.jpg,0
7817.jpg,0
7818.jpg,0
7819.jpg,0
7820.jpg,0
7821.jpg,0
7822.jpg,0
7823.jpg,0
7824.jpg,0
7825.jpg,0
7826.jpg,0
7827.jpg,0
7828.jpg,0
7829.jpg,0
7830.jpg,0
7831.jpg,0
7832.jpg,0
7833.jpg,0
7834.jpg,0
7835.jpg,0
7836.jpg,0
7837.jpg,0
7838.jpg,0
7839.jpg,0
7840.jpg,0
7841.jpg,0
7842.jpg,0
7843.jpg,0
7844.jpg,0
7845.jpg,0
7846.jpg,0
7847.jpg,0
7848.jpg,0
7849.jpg,0
7850.jpg,0
7851.jpg,0
7852.jpg,0
7853.jpg,0
7854.jpg,0
7855.jpg,0
7856.jpg,0
7857.jpg,0
7858.jpg,0
7859.jpg,0
7860.jpg,0
7861.jpg,0
7862.jpg,0
7863.jpg,0
7864.jpg,0
7865.jpg,0
7866.jpg,0
7867.jpg,0
7868.jpg,0
7869.jpg,0
7870.jpg,0
7871.jpg,0
7872.jpg,0
7873.jpg,0
7874.jpg,0
7875.jpg,0
7876.jpg,0
7877.jpg,0
7878.jpg,1
7879.jpg,1
7880.jpg,1
7881.jpg,0
7882.jpg,0
7883.jpg,0
7884.jpg,0
7885.jpg,0
7886.jpg,0
7887.jpg,0
7888.jpg,0
7889.jpg,0
7890.jpg,0
7891.jpg,0
7892.jpg,0
7893.jpg,0
7894.jpg,0
7895.jpg,0
7896.jpg,0
7897.jpg,0
7898.jpg,0
7899.jpg,0
7900.jpg,0
7901.jpg,0
7902.jpg,0
7903.jpg,0
7904.jpg,0
7905.jpg,0
7906.jpg,0
7907.jpg,0
7908.jpg,0
7909.jpg,0
7910.jpg,0
7911.jpg,0
7912.jpg,1
7913.jpg,1
7914.jpg,1
7915.jpg,1
7916.jpg,1
7917.jpg,0
7918.jpg,0
7919.jpg,0
7920.jpg,0
7921.jpg,0
7922.jpg,0
7923.jpg,0
7924.jpg,0
7925.jpg,0
7926.jpg,0
7927.jpg,0
7928.jpg,0
7929.jpg,0
7930.jpg,0
7931.jpg,0
7932.jpg,0
7933.jpg,0
7934.jpg,0
7935.jpg,0
7936.jpg,0
7937.jpg,0
7938.jpg,0
7939.jpg,0
7940.jpg,0
7941.jpg,0
7942.jpg,0
7943.jpg,0
7944.jpg,0
7945.jpg,0
7946.jpg,0
7947.jpg,0
7948.jpg,0
7949.jpg,0
7950.jpg,0
7951.jpg,0
7952.jpg,0
7953.jpg,0
7954.jpg,0
7955.jpg,0
7956.jpg,0
7957.jpg,0
7958.jpg,0
7959.jpg,1
7960.jpg,1
7961.jpg,1
7962.jpg,0
7963.jpg,1
7964.jpg,1
7965.jpg,0
7966.jpg,0
7967.jpg,0
7968.jpg,0
7969.jpg,0
7970.jpg,0
7971.jpg,1
7972.jpg,1
7973.jpg,1
7974.jpg,1
7975.jpg,1
7976.jpg,0
7977.jpg,1
7978.jpg,1
7979.jpg,1
7980.jpg,1
7981.jpg,1
7982.jpg,0
7983.jpg,0
7984.jpg,1
7985.jpg,1
7986.jpg,0
7987.jpg,0
7988.jpg,0
7989.jpg,0
7990.jpg,0
7991.jpg,0
7992.jpg,0
7993.jpg,0
7994.jpg,0
7995.jpg,0
7996.jpg,0
7997.jpg,0
7998.jpg,0
7999.jpg,0
8000.jpg,1
8001.jpg,1
8002.jpg,1
8003.jpg,1
8004.jpg,0
8005.jpg,1
8006.jpg,1
8007.jpg,1
8008.jpg,0
8009.jpg,0
8010.jpg,0
8011.jpg,0
8012.jpg,0
8013.jpg,0
8014.jpg,0
8015.jpg,0
8016.jpg,0
8017.jpg,0
8018.jpg,0
8019.jpg,0
8020.jpg,0
8021.jpg,0
8022.jpg,0
8023.jpg,0
8024.jpg,0
8025.jpg,0
8026.jpg,0
8027.jpg,0
8028.jpg,0
8029.jpg,0
8030.jpg,0
8031.jpg,0
8032.jpg,0
8033.jpg,0
8034.jpg,0
8035.jpg,0
8036.jpg,0
8037.jpg,0
8038.jpg,0
8039.jpg,0
8040.jpg,0
8041.jpg,0
8042.jpg,0
8043.jpg,0
8044.jpg,0
8045.jpg,0
8046.jpg,0
8047.jpg,0
8048.jpg,0
8049.jpg,0
8050.jpg,0
8051.jpg,0
8052.jpg,0
8053.jpg,0
8054.jpg,0
8055.jpg,0
8056.jpg,0
8057.jpg,0
8058.jpg,0
8059.jpg,0
8060.jpg,0
8061.jpg,0
8062.jpg,0
8063.jpg,0
8064.jpg,0
8065.jpg,0
8066.jpg,1
8067.jpg,1
8068.jpg,1
8069.jpg,0
8070.jpg,0
8071.jpg,0
8072.jpg,0
8073.jpg,0
8074.jpg,0
8075.jpg,0
8076.jpg,0
8077.jpg,0
8078.jpg,0
8079.jpg,0
8080.jpg,0
8081.jpg,0
8082.jpg,0
8083.jpg,0
8084.jpg,0
8085.jpg,0
8086.jpg,0
8087.jpg,0
8088.jpg,0
8089.jpg,0
8090.jpg,0
8091.jpg,0
8092.jpg,0
8093.jpg,0
8094.jpg,0
8095.jpg,0
8096.jpg,0
8097.jpg,0
8098.jpg,0
8099.jpg,0
8100.jpg,0
8101.jpg,0
8102.jpg,0
8103.jpg,0
8104.jpg,0
8105.jpg,0
8106.jpg,0
8107.jpg,0
8108.jpg,0
8109.jpg,1
8110.jpg,1
8111.jpg,1
8112.jpg,1
8113.jpg,1
8114.jpg,0
8115.jpg,0
8116.jpg,0
8117.jpg,0
8118.jpg,0
8119.jpg,0
8120.jpg,0
8121.jpg,0
8122.jpg,0
8123.jpg,0
8124.jpg,0
8125.jpg,0
8126.jpg,0
8127.jpg,0
8128.jpg,0
8129.jpg,0
8130.jpg,0
8131.jpg,0
8132.jpg,1
8133.jpg,1
8134.jpg,1
8135.jpg,1
8136.jpg,0
8137.jpg,0
8138.jpg,0
8139.jpg,0
8140.jpg,0
8141.jpg,0
8142.jpg,0
8143.jpg,0
8144.jpg,0
8145.jpg,0
8146.jpg,0
8147.jpg,0
8148.jpg,0
8149.jpg,0
8150.jpg,0
8151.jpg,0
8152.jpg,0
8153.jpg,0
8154.jpg,0
8155.jpg,0
8156.jpg,0
8157.jpg,0
8158.jpg,0
8159.jpg,0
8160.jpg,0
8161.jpg,0
8162.jpg,0
8163.jpg,0
8164.jpg,0
8165.jpg,0
8166.jpg,0
8167.jpg,0
8168.jpg,0
8169.jpg,0
8170.jpg,1
8171.jpg,1
8172.jpg,1
8173.jpg,1
8174.jpg,0
8175.jpg,0
8176.jpg,0
8177.jpg,0
8178.jpg,0
8179.jpg,0
8180.jpg,0
8181.jpg,0
8182.jpg,0
8183.jpg,0
8184.jpg,0
8185.jpg,0
8186.jpg,0
8187.jpg,0
8188.jpg,0
8189.jpg,0
8190.jpg,0
8191.jpg,0
8192.jpg,0
8193.jpg,0
8194.jpg,0
8195.jpg,0
8196.jpg,0
8197.jpg,0
8198.jpg,0
8199.jpg,0
8200.jpg,0
8201.jpg,0
